;genome;number_of_records;unknown;staphyloferrin A;staphyloferrin B;staphylopine
GCF_011306595.1;Staphylococcus epidermidis;2;0;100.0;0;100.0
GCF_003119275.1;Staphylococcus epidermidis;2;0;100.0;0;100.0
GCF_001073845.1;Staphylococcus epidermidis;2;0;100.0;0;100.0
GCF_001068495.1;Staphylococcus epidermidis;2;0;100.0;0;100.0
GCF_910590275.1;Staphylococcus epidermidis;2;0;100.0;0;100.0
GCF_001068585.1;Staphylococcus epidermidis;2;0;100.0;0;100.0
GCF_026157025.1;Staphylococcus epidermidis;2;0;100.0;0;100.0
GCF_014490515.1;Staphylococcus epidermidis;2;0;100.0;0;100.0
GCF_019329505.1;Staphylococcus epidermidis;2;0;100.0;0;100.0
GCF_003725355.1;Staphylococcus epidermidis;2;0;100.0;0;100.0
GCF_022352885.1;Staphylococcus epidermidis;2;0;100.0;0;100.0
GCF_024204905.1;Staphylococcus epidermidis;2;0;100.0;0;100.0
GCF_019329745.1;Staphylococcus epidermidis;2;0;100.0;0;100.0
GCF_007673635.1;Staphylococcus epidermidis;2;0;100.0;0;100.0
GCF_000276405.1;Staphylococcus epidermidis NIHLM053;2;0;100.0;0;100.0
GCF_019330225.1;Staphylococcus epidermidis;2;0;100.0;0;100.0
GCF_026154325.1;Staphylococcus epidermidis;2;0;100.0;0;100.0
GCF_019165085.1;Staphylococcus epidermidis;2;0;100.0;0;100.0
GCF_003577865.1;Staphylococcus epidermidis;2;0;100.0;0;100.0
GCF_001069995.1;Staphylococcus epidermidis;2;0;100.0;0;100.0
GCF_025150945.1;Staphylococcus epidermidis;2;0;100.0;0;100.0
GCF_910591385.1;Staphylococcus epidermidis;3;0;100.0;0;100.0
GCF_008922655.1;Staphylococcus epidermidis;2;0;100.0;0;100.0
GCF_025558705.1;Staphylococcus epidermidis;2;0;100.0;0;100.0
GCF_025150055.1;Staphylococcus epidermidis;2;0;100.0;0;100.0
GCF_007673315.1;Staphylococcus epidermidis;2;0;100.0;0;100.0
GCF_014156385.1;Staphylococcus epidermidis;2;0;100.0;0;100.0
GCF_016809455.1;Staphylococcus epidermidis;2;0;100.0;0;100.0
GCA_002892285.1;Staphylococcus epidermidis;2;0;100.0;0;100.0
GCF_016809365.1;Staphylococcus epidermidis;2;0;100.0;0;100.0
GCF_014323385.1;Staphylococcus epidermidis;1;0;100.0;0;0
GCA_000239515.2;Staphylococcus epidermidis 14.1.R1.SE;2;0;100.0;0;100.0
GCF_009663955.1;Staphylococcus epidermidis;2;0;100.0;0;100.0
GCF_030546405.1;Staphylococcus epidermidis;2;0;100.0;0;100.0
GCF_000276165.1;Staphylococcus epidermidis NIHLM003;2;0;100.0;0;100.0
GCF_024091645.1;Staphylococcus epidermidis;2;0;100.0;0;100.0
GCF_900086615.2;Staphylococcus epidermidis;2;0;100.0;0;100.0
GCF_001075135.1;Staphylococcus epidermidis;2;0;100.0;0;100.0
GCF_001659315.1;Staphylococcus epidermidis;1;0;100.0;0;0
GCF_003979865.1;Staphylococcus epidermidis;2;0;100.0;0;100.0
GCF_008922695.1;Staphylococcus epidermidis;2;0;100.0;0;100.0
GCF_014266265.1;Staphylococcus epidermidis;2;0;100.0;0;100.0
GCF_019330125.1;Staphylococcus epidermidis;2;0;100.0;0;100.0
GCF_001073895.1;Staphylococcus epidermidis;2;0;100.0;0;100.0
GCF_009897185.1;Staphylococcus epidermidis;2;0;100.0;0;100.0
GCF_024091575.1;Staphylococcus epidermidis;2;0;100.0;0;100.0
GCF_009757185.1;Staphylococcus epidermidis;2;0;100.0;0;100.0
GCF_014265845.1;Staphylococcus epidermidis;2;0;100.0;0;100.0
GCF_015274195.1;Staphylococcus epidermidis;2;0;100.0;0;100.0
GCF_021513035.1;Staphylococcus epidermidis;2;0;100.0;0;100.0
GCA_020739905.1;Staphylococcus epidermidis;2;0;100.0;0;100.0
GCA_000245655.2;Staphylococcus epidermidis VCU057;2;0;100.0;0;100.0
GCF_024092075.1;Staphylococcus epidermidis;2;0;100.0;0;100.0
GCF_008922165.1;Staphylococcus epidermidis;2;0;100.0;0;100.0
GCF_014265865.1;Staphylococcus epidermidis;2;0;100.0;0;100.0
GCF_001070015.1;Staphylococcus epidermidis;2;0;100.0;0;100.0
GCF_001622875.1;Staphylococcus epidermidis;2;0;100.0;0;100.0
GCF_021190595.1;Staphylococcus epidermidis;2;0;100.0;0;100.0
GCF_026154185.1;Staphylococcus epidermidis;2;0;100.0;0;100.0
GCF_910591575.1;Staphylococcus epidermidis;2;0;100.0;0;100.0
GCF_014489335.1;Staphylococcus epidermidis;2;0;100.0;0;100.0
GCA_003687345.1;Staphylococcus epidermidis;2;0;100.0;0;88.88888888888889
GCF_008922985.1;Staphylococcus epidermidis;2;0;100.0;0;100.0
GCF_025150995.2;Staphylococcus epidermidis;2;0;100.0;0;100.0
GCF_008868245.1;Staphylococcus epidermidis ATCC 12228;2;0;100.0;0;100.0
GCF_007665825.1;Staphylococcus epidermidis;2;0;100.0;0;100.0
GCF_001072575.1;Staphylococcus epidermidis;2;0;100.0;0;100.0
GCF_024204985.1;Staphylococcus epidermidis;2;0;100.0;0;100.0
GCF_007667545.1;Staphylococcus epidermidis;2;0;100.0;0;100.0
GCF_022832935.1;Staphylococcus epidermidis;2;0;100.0;0;100.0
GCF_029457575.1;Staphylococcus epidermidis;2;0;100.0;0;100.0
GCF_001074445.1;Staphylococcus epidermidis;2;0;100.0;0;100.0
GCF_007667525.1;Staphylococcus epidermidis PM221;2;0;100.0;0;100.0
GCA_002752875.2;Staphylococcus epidermidis;2;0;100.0;0;100.0
GCF_031144415.1;Staphylococcus sp. FR041;2;0;100.0;0;100.0
GCF_002799565.1;Staphylococcus epidermidis;2;0;100.0;0;100.0
GCF_007677635.1;Staphylococcus epidermidis;2;0;100.0;0;100.0
GCF_008726465.1;Staphylococcus epidermidis;2;0;100.0;0;100.0
GCF_011307595.1;Staphylococcus epidermidis;2;0;100.0;0;100.0
GCF_001072055.1;Staphylococcus epidermidis;2;0;100.0;0;100.0
GCF_001071415.1;Staphylococcus epidermidis;2;0;100.0;0;100.0
GCF_030235125.1;Staphylococcus epidermidis;2;0;100.0;0;100.0
GCF_016808975.1;Staphylococcus epidermidis;2;0;100.0;0;100.0
GCF_015273335.1;Staphylococcus epidermidis;2;0;100.0;0;100.0
GCF_003859985.1;Staphylococcus epidermidis;2;0;100.0;0;100.0
GCF_000159575.1;Staphylococcus epidermidis BCM-HMP0060;2;0;100.0;0;100.0
GCF_001837955.1;Staphylococcus sp. HMSC077D09;2;0;100.0;0;100.0
GCF_020739735.1;Staphylococcus epidermidis;2;0;100.0;0;100.0
GCF_000418105.2;Staphylococcus epidermidis CIM37;2;0;100.0;0;100.0
GCF_001465385.1;Staphylococcus epidermidis;2;0;100.0;0;100.0
GCF_001457235.1;Staphylococcus epidermidis;2;0;100.0;0;100.0
GCF_001074715.1;Staphylococcus epidermidis;2;0;100.0;0;100.0
GCF_003956885.1;Staphylococcus epidermidis;2;0;100.0;0;100.0
GCF_003979805.1;Staphylococcus epidermidis;3;0;[75.0, 25.0];0;100.0
GCF_910590195.1;Staphylococcus epidermidis;2;0;100.0;0;100.0
GCF_012030625.1;Staphylococcus epidermidis;2;0;100.0;0;100.0
GCF_001659475.1;Staphylococcus epidermidis;2;0;100.0;0;100.0
GCF_001075945.1;Staphylococcus epidermidis;2;0;100.0;0;100.0
GCF_000966815.1;Staphylococcus epidermidis;2;0;100.0;0;100.0
GCF_001075025.1;Staphylococcus epidermidis;2;0;100.0;0;100.0
GCF_019329765.1;Staphylococcus epidermidis;2;0;100.0;0;100.0
GCA_002750285.2;Staphylococcus epidermidis;2;0;100.0;0;100.0
GCF_030235065.1;Staphylococcus epidermidis;2;0;100.0;0;100.0
GCF_001073935.1;Staphylococcus epidermidis;2;0;100.0;0;100.0
GCF_000247025.1;Staphylococcus epidermidis VCU117;2;0;100.0;0;100.0
GCF_016834475.1;Staphylococcus epidermidis;2;0;100.0;0;100.0
GCF_001072245.1;Staphylococcus epidermidis;2;0;100.0;0;100.0
GCF_910591415.1;Staphylococcus epidermidis;2;0;100.0;0;100.0
GCF_001810435.1;Staphylococcus sp. HMSC075A04;2;0;100.0;0;100.0
GCF_910590285.1;Staphylococcus epidermidis;2;0;100.0;0;100.0
GCF_001658905.1;Staphylococcus epidermidis;2;0;100.0;0;88.88888888888889
GCF_001069515.1;Staphylococcus epidermidis;2;0;100.0;0;100.0
GCF_019329365.1;Staphylococcus epidermidis;2;0;100.0;0;100.0
GCF_000276125.1;Staphylococcus epidermidis NIH05005;2;0;100.0;0;100.0
GCF_014323365.1;Staphylococcus epidermidis;2;0;100.0;0;100.0
GCF_001075605.1;Staphylococcus epidermidis;2;0;100.0;0;100.0
GCF_001658805.1;Staphylococcus epidermidis;2;0;100.0;0;100.0
GCF_001073685.1;Staphylococcus epidermidis;2;0;100.0;0;100.0
GCF_025150965.1;Staphylococcus epidermidis;2;0;100.0;0;100.0
GCF_015273605.1;Staphylococcus epidermidis;2;0;100.0;0;100.0
GCF_009757165.1;Staphylococcus epidermidis;2;0;100.0;0;100.0
GCF_007667145.1;Staphylococcus epidermidis;2;0;100.0;0;100.0
GCF_014266795.1;Staphylococcus epidermidis;2;0;100.0;0;100.0
GCF_014265305.1;Staphylococcus epidermidis;2;0;100.0;0;100.0
GCF_015273855.1;Staphylococcus epidermidis;2;0;100.0;0;100.0
GCF_000007645.1;Staphylococcus epidermidis ATCC 12228;2;0;100.0;0;100.0
GCF_028401885.1;Staphylococcus epidermidis;2;0;100.0;0;100.0
GCF_026154165.1;Staphylococcus epidermidis;2;0;100.0;0;100.0
GCF_030225165.1;Staphylococcus epidermidis;2;0;100.0;0;100.0
GCF_001811685.1;Staphylococcus sp. HMSC062D04;2;0;100.0;0;100.0
GCF_007666885.1;Staphylococcus epidermidis;2;0;100.0;0;100.0
GCF_024090955.1;Staphylococcus epidermidis;2;0;100.0;0;100.0
GCA_008922305.1;Staphylococcus epidermidis;2;0;100.0;0;100.0
GCF_015273495.1;Staphylococcus epidermidis;2;0;100.0;0;100.0
GCF_029691815.1;Staphylococcus epidermidis;2;0;100.0;0;100.0
GCF_001073765.1;Staphylococcus epidermidis;2;0;100.0;0;100.0
GCF_003577745.1;Staphylococcus epidermidis;2;0;100.0;0;100.0
GCF_030928295.1;Staphylococcus epidermidis;2;0;100.0;0;100.0
GCF_022352705.1;Staphylococcus epidermidis;2;0;100.0;0;100.0
GCF_910590065.1;Staphylococcus epidermidis;2;0;100.0;0;100.0
GCF_900113395.1;Staphylococcus epidermidis;2;0;100.0;0;100.0
GCF_021398305.1;Staphylococcus epidermidis;2;0;100.0;0;100.0
GCF_021513115.1;Staphylococcus epidermidis;2;0;100.0;0;100.0
GCF_009897685.1;Staphylococcus epidermidis;2;0;100.0;0;100.0
GCF_001683645.1;Staphylococcus epidermidis;2;0;100.0;0;100.0
GCA_025291075.1;Staphylococcus epidermidis;2;0;50.0;0;100.0
GCF_003577845.1;Staphylococcus epidermidis;2;0;100.0;0;100.0
GCF_015273735.1;Staphylococcus epidermidis;2;0;100.0;0;100.0
GCF_001075775.1;Staphylococcus epidermidis;2;0;100.0;0;100.0
GCF_030928585.1;Staphylococcus epidermidis;2;0;100.0;0;44.44444444444444
GCF_009897265.1;Staphylococcus epidermidis;2;0;100.0;0;100.0
GCF_004374885.1;Staphylococcus epidermidis;2;0;100.0;0;100.0
GCF_030214925.1;Staphylococcus epidermidis;2;0;100.0;0;100.0
GCF_022352855.1;Staphylococcus epidermidis;2;0;100.0;0;100.0
GCF_008922245.1;Staphylococcus epidermidis;2;0;100.0;0;100.0
GCF_016809315.1;Staphylococcus epidermidis;2;0;100.0;0;100.0
GCF_003687085.1;Staphylococcus epidermidis;2;0;100.0;0;100.0
GCF_016809235.1;Staphylococcus epidermidis;2;0;100.0;0;100.0
GCF_000697905.1;Staphylococcus epidermidis VCU036;2;0;100.0;0;100.0
GCF_007677215.1;Staphylococcus epidermidis PM221;2;0;100.0;0;100.0
GCF_016808925.1;Staphylococcus epidermidis;2;0;100.0;0;100.0
GCF_022352485.1;Staphylococcus epidermidis;2;0;100.0;0;100.0
GCF_011306775.1;Staphylococcus epidermidis;2;0;100.0;0;100.0
GCF_030716165.1;Staphylococcus epidermidis;2;0;100.0;0;100.0
GCF_009897505.1;Staphylococcus epidermidis;2;0;100.0;0;100.0
GCF_008922545.1;Staphylococcus epidermidis;2;0;100.0;0;100.0
GCF_001838765.1;Staphylococcus sp. HMSC34G04;2;0;100.0;0;100.0
GCF_021366715.1;Staphylococcus epidermidis;2;0;100.0;0;100.0
GCF_030715545.1;Staphylococcus epidermidis;2;0;100.0;0;100.0
GCF_016808695.1;Staphylococcus epidermidis;2;0;100.0;0;100.0
GCA_001622575.1;Staphylococcus epidermidis;2;0;100.0;0;100.0
GCF_024090495.1;Staphylococcus epidermidis;2;0;100.0;0;100.0
GCF_001658895.1;Staphylococcus epidermidis;2;0;100.0;0;100.0
GCF_026154345.1;Staphylococcus epidermidis;2;0;100.0;0;100.0
GCF_902159385.1;Staphylococcus epidermidis;2;0;100.0;0;100.0
GCF_003980075.1;Staphylococcus epidermidis;2;0;100.0;0;100.0
GCF_002750145.1;Staphylococcus epidermidis;2;0;100.0;0;100.0
GCF_001077065.1;Staphylococcus epidermidis;2;0;100.0;0;100.0
GCF_024090695.1;Staphylococcus epidermidis;2;0;100.0;0;100.0
GCA_016808595.1;Staphylococcus epidermidis;1;0;100.0;0;0
GCF_001073875.1;Staphylococcus epidermidis;2;0;100.0;0;100.0
GCF_016107425.1;Staphylococcus epidermidis;2;0;100.0;0;100.0
GCF_024092135.1;Staphylococcus epidermidis;2;0;100.0;0;100.0
GCF_015273525.1;Staphylococcus epidermidis;2;0;100.0;0;100.0
GCF_910589905.1;Staphylococcus epidermidis;2;0;100.0;0;100.0
GCF_001071515.1;Staphylococcus epidermidis;2;0;100.0;0;100.0
GCF_019329585.1;Staphylococcus epidermidis;2;0;100.0;0;100.0
GCF_014265185.1;Staphylococcus epidermidis;2;0;100.0;0;100.0
GCF_014265905.1;Staphylococcus epidermidis;2;0;100.0;0;100.0
GCF_015274255.1;Staphylococcus epidermidis;2;0;100.0;0;100.0
GCF_030716045.1;Staphylococcus epidermidis;2;0;100.0;0;100.0
GCF_003035345.1;Staphylococcus epidermidis;2;0;100.0;0;100.0
GCA_015221005.1;Staphylococcus epidermidis;1;0;100.0;0;0
GCF_024266825.1;Staphylococcus epidermidis;2;0;100.0;0;100.0
GCF_015645075.1;Staphylococcus epidermidis;2;0;100.0;0;100.0
GCF_029211365.1;Staphylococcus epidermidis;2;0;100.0;0;100.0
GCF_030225005.1;Staphylococcus epidermidis;2;0;100.0;0;100.0
GCF_001071935.1;Staphylococcus epidermidis;2;0;100.0;0;100.0
GCF_016903575.1;Staphylococcus epidermidis;2;0;100.0;0;100.0
GCF_023147705.1;Staphylococcus epidermidis;2;0;100.0;0;100.0
GCF_006151885.1;Staphylococcus epidermidis;2;0;100.0;0;100.0
GCF_024090515.1;Staphylococcus epidermidis;2;0;100.0;0;100.0
GCF_014266415.1;Staphylococcus epidermidis;2;0;100.0;0;100.0
GCF_001072885.1;Staphylococcus epidermidis;2;0;100.0;0;100.0
GCF_030715595.1;Staphylococcus epidermidis;2;0;100.0;0;100.0
GCF_001072715.1;Staphylococcus epidermidis;2;0;100.0;0;100.0
GCF_003979855.1;Staphylococcus epidermidis;2;0;100.0;0;100.0
GCF_031082925.1;Staphylococcus epidermidis;2;0;100.0;0;100.0
GCF_004323085.1;Staphylococcus epidermidis;2;0;100.0;0;100.0
GCF_004374965.1;Staphylococcus epidermidis;2;0;100.0;0;100.0
GCF_002085695.1;Staphylococcus epidermidis;2;0;100.0;0;100.0
GCF_004374915.1;Staphylococcus epidermidis;2;0;100.0;0;100.0
GCF_009897065.1;Staphylococcus epidermidis;2;0;100.0;0;100.0
GCF_014267185.1;Staphylococcus epidermidis;2;0;100.0;0;100.0
GCF_021190695.1;Staphylococcus epidermidis;2;0;100.0;0;100.0
GCF_024091095.1;Staphylococcus epidermidis;2;0;100.0;0;100.0
GCF_900199525.1;Staphylococcus epidermidis;2;0;100.0;0;100.0
GCF_015221215.1;Staphylococcus epidermidis;2;0;100.0;0;100.0
GCF_005760495.1;Staphylococcus epidermidis;2;0;100.0;0;100.0
GCF_022352725.1;Staphylococcus epidermidis;2;0;100.0;0;100.0
GCF_000697825.1;Staphylococcus epidermidis VCU013;2;0;100.0;0;100.0
GCF_016808655.1;Staphylococcus epidermidis;2;0;100.0;0;100.0
GCF_001810625.1;Staphylococcus sp. HMSC072H01;2;0;100.0;0;100.0
GCF_001811475.1;Staphylococcus sp. HMSC034D07;2;0;100.0;0;100.0
GCF_001809495.1;Staphylococcus sp. HMSC064E11;2;0;100.0;0;100.0
GCF_001072005.1;Staphylococcus epidermidis;2;0;100.0;0;100.0
GCF_030229935.1;Staphylococcus epidermidis;2;0;100.0;0;100.0
GCF_000205425.1;Staphylococcus epidermidis VCU045;2;0;100.0;0;100.0
GCF_021728775.1;Staphylococcus epidermidis;2;0;100.0;0;100.0
GCF_009896915.1;Staphylococcus epidermidis;2;0;100.0;0;100.0
GCF_024091875.1;Staphylococcus epidermidis;2;0;100.0;0;100.0
GCF_000705055.1;Staphylococcus epidermidis;2;0;100.0;0;100.0
GCF_003956955.1;Staphylococcus epidermidis;2;0;100.0;0;100.0
GCF_003980255.1;Staphylococcus epidermidis;2;0;100.0;0;100.0
GCF_022428405.1;Staphylococcus epidermidis;2;0;100.0;0;100.0
GCF_025142865.1;Staphylococcus epidermidis;2;0;100.0;0;100.0
GCF_003980095.1;Staphylococcus epidermidis;2;0;100.0;0;100.0
GCF_002750395.1;Staphylococcus epidermidis;2;0;100.0;0;100.0
GCF_008922805.1;Staphylococcus epidermidis;2;0;100.0;0;100.0
GCF_007677005.1;Staphylococcus epidermidis;2;0;100.0;0;100.0
GCF_001837885.1;Staphylococcus sp. HMSC074F11;2;0;100.0;0;100.0
GCF_001837075.1;Staphylococcus sp. HMSC063F05;2;0;100.0;0;100.0
GCF_016808815.1;Staphylococcus epidermidis;2;0;100.0;0;100.0
GCF_900205815.1;Staphylococcus epidermidis;2;0;100.0;0;100.0
GCF_024204885.1;Staphylococcus epidermidis;2;0;100.0;0;100.0
GCF_008922785.1;Staphylococcus epidermidis;2;0;100.0;0;100.0
GCF_902164795.1;Staphylococcus epidermidis;2;0;100.0;0;100.0
GCF_028863305.1;Staphylococcus epidermidis;2;0;100.0;0;66.66666666666666
GCF_002750125.1;Staphylococcus epidermidis;2;0;100.0;0;100.0
GCF_015273105.1;Staphylococcus epidermidis;2;0;100.0;0;100.0
GCF_003687015.1;Staphylococcus epidermidis;2;0;100.0;0;100.0
GCF_008922385.1;Staphylococcus epidermidis;2;0;100.0;0;100.0
GCF_023547125.1;Staphylococcus epidermidis;2;0;100.0;0;100.0
GCF_014266135.1;Staphylococcus epidermidis;2;0;100.0;0;100.0
GCF_030928645.1;Staphylococcus epidermidis;2;0;100.0;0;100.0
GCF_001068455.1;Staphylococcus epidermidis;2;0;100.0;0;100.0
GCF_004329085.1;Staphylococcus epidermidis;2;0;100.0;0;100.0
GCF_001070245.1;Staphylococcus epidermidis;2;0;100.0;0;100.0
GCF_024091495.1;Staphylococcus epidermidis;2;0;100.0;0;100.0
GCF_001659305.1;Staphylococcus epidermidis;2;0;100.0;0;100.0
GCA_020739885.1;Staphylococcus epidermidis;2;0;100.0;0;100.0
GCF_023714645.1;Staphylococcus epidermidis;2;0;100.0;0;100.0
GCF_021513055.1;Staphylococcus epidermidis;2;0;100.0;0;100.0
GCF_020682885.1;Staphylococcus epidermidis;2;0;100.0;0;100.0
GCF_000205405.1;Staphylococcus epidermidis VCU028;2;0;100.0;0;100.0
GCF_008922605.1;Staphylococcus epidermidis;2;0;100.0;0;100.0
GCF_022586535.1;Staphylococcus epidermidis;2;0;100.0;0;100.0
GCF_007678235.1;Staphylococcus epidermidis;2;0;100.0;0;100.0
GCA_002307395.1;Staphylococcus epidermidis;2;0;100.0;0;100.0
GCF_001077145.1;Staphylococcus epidermidis;2;0;100.0;0;100.0
GCF_008922615.1;Staphylococcus epidermidis;2;0;100.0;0;100.0
GCF_009897435.1;Staphylococcus epidermidis;2;0;100.0;0;100.0
GCF_910590085.1;Staphylococcus epidermidis;2;0;100.0;0;100.0
GCF_022524525.1;Staphylococcus epidermidis;2;0;100.0;0;100.0
GCF_022352845.1;Staphylococcus epidermidis;2;0;100.0;0;100.0
GCA_024218855.1;Staphylococcus epidermidis;2;0;100.0;0;88.88888888888889
GCF_007666395.1;Staphylococcus epidermidis;2;0;100.0;0;100.0
GCF_002750215.1;Staphylococcus epidermidis;2;0;100.0;0;100.0
GCF_001073595.1;Staphylococcus epidermidis;2;0;100.0;0;100.0
GCF_025143265.1;Staphylococcus epidermidis;2;0;100.0;0;100.0
GCF_029211335.1;Staphylococcus epidermidis;2;0;100.0;0;100.0
GCF_001662145.1;Staphylococcus epidermidis;2;0;100.0;0;100.0
GCF_019329605.1;Staphylococcus epidermidis;2;0;100.0;0;100.0
GCF_009897225.1;Staphylococcus epidermidis;2;0;100.0;0;100.0
GCF_022869565.1;Staphylococcus epidermidis;2;0;100.0;0;100.0
GCF_000260295.1;Staphylococcus epidermidis VCU071;2;0;100.0;0;100.0
GCF_000276285.1;Staphylococcus epidermidis NIHLM021;2;0;100.0;0;100.0
GCF_025148145.1;Staphylococcus epidermidis;2;0;100.0;0;100.0
GCF_024091975.1;Staphylococcus epidermidis;2;0;100.0;0;100.0
GCF_000247125.1;Staphylococcus epidermidis VCU125;2;0;100.0;0;100.0
GCF_022353065.1;Staphylococcus epidermidis;2;0;100.0;0;100.0
GCF_022352535.1;Staphylococcus epidermidis;2;0;100.0;0;100.0
GCF_019329685.1;Staphylococcus epidermidis;2;0;100.0;0;100.0
GCF_001659045.1;Staphylococcus epidermidis;2;0;100.0;0;100.0
GCF_014436665.1;Staphylococcus epidermidis;2;0;100.0;0;100.0
GCF_015273085.1;Staphylococcus epidermidis;2;0;100.0;0;100.0
GCF_003979825.1;Staphylococcus epidermidis;2;0;100.0;0;100.0
GCF_001622495.1;Staphylococcus epidermidis;2;0;100.0;0;100.0
GCF_947492335.1;Staphylococcus epidermidis;2;0;100.0;0;100.0
GCF_030224335.1;Staphylococcus epidermidis;2;0;100.0;0;100.0
GCF_015274385.1;Staphylococcus epidermidis;2;0;100.0;0;100.0
GCF_021496075.1;Staphylococcus epidermidis;2;0;100.0;0;100.0
GCF_008923125.1;Staphylococcus epidermidis;2;0;100.0;0;100.0
GCF_001622555.1;Staphylococcus epidermidis;2;0;100.0;0;100.0
GCF_000966755.1;Staphylococcus epidermidis;2;0;100.0;0;100.0
GCF_003979885.1;Staphylococcus epidermidis;2;0;100.0;0;100.0
GCF_009897805.1;Staphylococcus epidermidis;2;0;100.0;0;100.0
GCF_021384785.1;Staphylococcus epidermidis;2;0;100.0;0;100.0
GCF_016809295.1;Staphylococcus epidermidis;2;0;100.0;0;100.0
GCF_000276385.1;Staphylococcus epidermidis NIHLM049;2;0;100.0;0;100.0
GCF_000751035.1;Staphylococcus epidermidis PM221;2;0;100.0;0;100.0
GCF_002799505.1;Staphylococcus epidermidis;2;0;100.0;0;100.0
GCF_014265655.1;Staphylococcus epidermidis;2;0;100.0;0;100.0
GCF_910590125.1;Staphylococcus epidermidis;2;0;100.0;0;100.0
GCF_014266325.1;Staphylococcus epidermidis;2;0;100.0;0;100.0
GCF_007666715.1;Staphylococcus epidermidis;2;0;100.0;0;100.0
GCF_004375005.1;Staphylococcus epidermidis;2;0;100.0;0;100.0
GCF_001658475.1;Staphylococcus epidermidis;2;0;100.0;0;100.0
GCF_023147695.1;Staphylococcus epidermidis;2;0;100.0;0;100.0
GCF_028402085.1;Staphylococcus epidermidis;2;0;100.0;0;100.0
GCF_910590345.1;Staphylococcus epidermidis;2;0;100.0;0;100.0
GCF_015698425.1;Staphylococcus epidermidis;2;0;100.0;0;55.55555555555556
GCF_001070645.1;Staphylococcus epidermidis;2;0;100.0;0;100.0
GCF_025151365.1;Staphylococcus epidermidis;2;0;100.0;0;100.0
GCF_014267055.1;Staphylococcus epidermidis;2;0;100.0;0;100.0
GCF_025146105.1;Staphylococcus epidermidis;2;0;100.0;0;100.0
GCF_030224645.1;Staphylococcus epidermidis;2;0;100.0;0;100.0
GCF_014265545.1;Staphylococcus epidermidis;2;0;100.0;0;100.0
GCF_030715875.1;Staphylococcus epidermidis;2;0;100.0;0;100.0
GCF_001070155.1;Staphylococcus epidermidis;2;0;100.0;0;100.0
GCA_000257945.1;Staphylococcus epidermidis IS-250;2;0;100.0;0;100.0
GCF_001075575.1;Staphylococcus epidermidis;2;0;100.0;0;100.0
GCF_007677315.1;Staphylococcus epidermidis;2;0;100.0;0;100.0
GCF_030224565.1;Staphylococcus epidermidis;2;0;100.0;0;100.0
GCF_015645215.1;Staphylococcus epidermidis;2;0;100.0;0;100.0
GCF_024092055.1;Staphylococcus epidermidis;2;0;100.0;0;100.0
GCF_024091835.1;Staphylococcus epidermidis;2;0;100.0;0;100.0
GCF_001074105.1;Staphylococcus epidermidis;2;0;100.0;0;100.0
GCF_007678415.1;Staphylococcus epidermidis;2;0;100.0;0;100.0
GCF_011038575.1;Staphylococcus epidermidis;2;0;100.0;0;100.0
GCF_002750045.1;Staphylococcus epidermidis;2;0;100.0;0;100.0
GCA_015698485.1;Staphylococcus epidermidis;1;0;100.0;0;0
GCF_030226285.1;Staphylococcus epidermidis;2;0;100.0;0;100.0
GCF_007677025.1;Staphylococcus epidermidis PM221;2;0;100.0;0;100.0
GCF_902166085.1;Staphylococcus epidermidis;2;0;100.0;0;100.0
GCF_001658995.1;Staphylococcus epidermidis;2;0;100.0;0;100.0
GCF_009898005.1;Staphylococcus epidermidis;2;0;100.0;0;100.0
GCF_015273345.1;Staphylococcus epidermidis;2;0;100.0;0;100.0
GCF_910591395.1;Staphylococcus epidermidis;2;0;100.0;0;100.0
GCF_015274505.1;Staphylococcus epidermidis;2;0;100.0;0;100.0
GCF_001622695.1;Staphylococcus epidermidis;2;0;100.0;0;100.0
GCF_001658565.1;Staphylococcus epidermidis;2;0;100.0;0;100.0
GCF_001815825.1;Staphylococcus sp. HMSC068G11;2;0;100.0;0;88.88888888888889
GCF_001075515.1;Staphylococcus epidermidis;2;0;100.0;0;88.88888888888889
GCF_001837035.1;Staphylococcus sp. HMSC063F03;2;0;100.0;0;100.0
GCF_001812215.1;Staphylococcus sp. HMSC067B04;2;0;100.0;0;100.0
GCF_001658525.1;Staphylococcus epidermidis;2;0;100.0;0;100.0
GCF_030716105.1;Staphylococcus epidermidis;2;0;100.0;0;100.0
GCF_001071565.1;Staphylococcus epidermidis;2;0;100.0;0;100.0
GCF_910590365.1;Staphylococcus epidermidis;2;0;100.0;0;100.0
GCF_015273805.1;Staphylococcus epidermidis;2;0;100.0;0;100.0
GCF_023547085.1;Staphylococcus epidermidis;2;0;100.0;0;100.0
GCF_020682905.1;Staphylococcus epidermidis;2;0;100.0;0;100.0
GCF_001072795.1;Staphylococcus epidermidis;2;0;100.0;0;100.0
GCF_000276145.1;Staphylococcus epidermidis NIHLM001;2;0;100.0;0;100.0
GCF_001073515.1;Staphylococcus epidermidis;2;0;100.0;0;100.0
GCF_009896645.1;Staphylococcus epidermidis;2;0;100.0;0;100.0
GCF_001662175.1;Staphylococcus epidermidis;2;0;100.0;0;100.0
GCF_009932695.1;Staphylococcus epidermidis;2;0;100.0;0;100.0
GCF_001075955.1;Staphylococcus epidermidis;2;0;100.0;0;100.0
GCF_026154365.1;Staphylococcus epidermidis;2;0;100.0;0;100.0
GCF_018919425.1;Staphylococcus epidermidis;2;0;100.0;0;100.0
GCF_019330145.1;Staphylococcus epidermidis;2;0;100.0;0;100.0
GCF_910590335.1;Staphylococcus epidermidis;2;0;100.0;0;100.0
GCF_000247205.1;Staphylococcus epidermidis VCU129;2;0;100.0;0;100.0
GCF_009897235.1;Staphylococcus epidermidis;2;0;100.0;0;100.0
GCF_902363495.1;Staphylococcus epidermidis;2;0;100.0;0;100.0
GCF_009896905.1;Staphylococcus epidermidis;2;0;100.0;0;100.0
GCF_029691775.1;Staphylococcus epidermidis;2;0;100.0;0;100.0
GCF_004374865.1;Staphylococcus epidermidis;2;0;100.0;0;100.0
GCF_025151315.1;Staphylococcus epidermidis;2;0;100.0;0;100.0
GCF_003035365.1;Staphylococcus epidermidis;2;0;100.0;0;100.0
GCF_019329645.1;Staphylococcus epidermidis;2;0;100.0;0;100.0
GCF_015221265.1;Staphylococcus epidermidis;2;0;100.0;0;100.0
GCF_004329455.1;Staphylococcus epidermidis;2;0;100.0;0;100.0
GCF_003687295.1;Staphylococcus epidermidis;2;0;100.0;0;100.0
GCA_021398365.1;Staphylococcus epidermidis;2;0;100.0;0;100.0
GCF_014265225.1;Staphylococcus epidermidis;2;0;100.0;0;100.0
GCF_024091665.1;Staphylococcus epidermidis;2;0;100.0;0;100.0
GCF_024090755.1;Staphylococcus epidermidis;2;0;100.0;0;100.0
GCF_001813195.1;Staphylococcus sp. HMSC065D05;2;0;100.0;0;100.0
GCF_001622705.1;Staphylococcus epidermidis;2;0;100.0;0;100.0
GCF_019100515.1;Staphylococcus epidermidis;2;0;75.0;0;100.0
GCF_008922285.1;Staphylococcus epidermidis;2;0;100.0;0;100.0
GCF_001622685.1;Staphylococcus epidermidis;2;0;100.0;0;100.0
GCF_029691935.1;Staphylococcus epidermidis;2;0;100.0;0;100.0
GCF_900458585.1;Staphylococcus epidermidis;2;0;100.0;0;100.0
GCF_024090615.1;Staphylococcus epidermidis;2;0;100.0;0;100.0
GCF_030435955.1;Staphylococcus epidermidis;2;0;100.0;0;100.0
GCF_001813245.1;Staphylococcus sp. HMSC065D11;2;0;100.0;0;100.0
GCF_007666105.1;Staphylococcus epidermidis;2;0;100.0;0;100.0
GCF_024204785.1;Staphylococcus epidermidis;2;0;100.0;0;100.0
GCF_022591335.1;Staphylococcus epidermidis;2;0;100.0;0;100.0
GCF_910590385.1;Staphylococcus epidermidis;2;0;75.0;0;100.0
GCF_026154385.1;Staphylococcus epidermidis;2;0;100.0;0;100.0
GCF_001659145.1;Staphylococcus epidermidis;2;0;100.0;0;100.0
GCF_030234055.1;Staphylococcus epidermidis;3;1;100.0;0;100.0
GCF_000418065.2;Staphylococcus epidermidis Scl25;2;0;100.0;0;100.0
GCF_007667255.1;Staphylococcus epidermidis;2;0;100.0;0;100.0
GCF_008726255.1;Staphylococcus epidermidis;2;0;100.0;0;100.0
GCF_024090335.1;Staphylococcus epidermidis;2;0;100.0;0;100.0
GCF_001075295.1;Staphylococcus epidermidis;2;0;100.0;0;100.0
GCF_024668725.2;Staphylococcus epidermidis;2;0;100.0;0;100.0
GCF_016107415.1;Staphylococcus epidermidis;2;0;100.0;0;100.0
GCF_030235185.1;Staphylococcus epidermidis;1;0;0;0;100.0
GCF_001465365.1;Staphylococcus epidermidis;2;0;100.0;0;100.0
GCF_008922895.1;Staphylococcus epidermidis;2;0;100.0;0;100.0
GCF_015070365.1;Staphylococcus epidermidis;2;0;100.0;0;100.0
GCF_011307695.1;Staphylococcus epidermidis;2;0;100.0;0;100.0
GCF_014266535.1;Staphylococcus epidermidis;2;0;100.0;0;100.0
GCF_015273185.1;Staphylococcus epidermidis;2;0;100.0;0;100.0
GCA_024505105.1;Staphylococcus epidermidis;0;0;0;0;0
GCA_002750025.1;Staphylococcus epidermidis;2;0;100.0;0;100.0
GCF_009897935.1;Staphylococcus epidermidis;2;0;100.0;0;100.0
GCF_030218515.1;Staphylococcus epidermidis;2;0;100.0;0;88.88888888888889
GCF_910590045.1;Staphylococcus epidermidis;2;0;100.0;0;100.0
GCA_024300665.1;Staphylococcus epidermidis;1;0;100.0;0;0
GCF_030235045.1;Staphylococcus epidermidis;2;0;100.0;0;100.0
GCF_015698535.1;Staphylococcus epidermidis;2;0;100.0;0;100.0
GCF_007666985.1;Staphylococcus epidermidis;2;0;100.0;0;100.0
GCF_016809395.1;Staphylococcus epidermidis;2;0;100.0;0;100.0
GCF_009026095.1;Staphylococcus epidermidis;2;0;100.0;0;100.0
GCF_030012845.1;Staphylococcus epidermidis;2;0;100.0;0;100.0
GCF_018919325.1;Staphylococcus epidermidis;2;0;100.0;0;100.0
GCF_023147295.1;Staphylococcus epidermidis;2;0;100.0;0;100.0
GCF_002944995.1;Staphylococcus epidermidis;2;0;100.0;0;100.0
GCF_001659075.1;Staphylococcus epidermidis;2;0;100.0;0;100.0
GCF_007667225.1;Staphylococcus epidermidis;2;0;100.0;0;100.0
GCF_001070695.1;Staphylococcus epidermidis;2;0;100.0;0;100.0
GCF_016809075.1;Staphylococcus epidermidis;2;0;100.0;0;100.0
GCF_910589935.1;Staphylococcus epidermidis;2;0;100.0;0;100.0
GCF_001075885.1;Staphylococcus epidermidis;2;0;100.0;0;100.0
GCF_015070555.1;Staphylococcus epidermidis;2;0;100.0;0;100.0
GCF_000418145.2;Staphylococcus epidermidis WI05;2;0;100.0;0;100.0
GCF_024204965.1;Staphylococcus epidermidis;2;0;100.0;0;100.0
GCF_019391455.1;Staphylococcus sp.;2;0;100.0;0;100.0
GCF_910590115.1;Staphylococcus epidermidis;2;0;100.0;0;100.0
GCF_024092155.1;Staphylococcus epidermidis;2;0;100.0;0;100.0
GCF_000276365.1;Staphylococcus epidermidis NIHLM040;2;0;100.0;0;100.0
GCF_003956865.1;Staphylococcus epidermidis;2;0;100.0;0;100.0
GCF_910589835.1;Staphylococcus epidermidis;2;0;100.0;0;100.0
GCF_016889165.1;Staphylococcus epidermidis;2;0;100.0;0;100.0
GCF_001075405.1;Staphylococcus epidermidis;2;0;100.0;0;100.0
GCF_008922755.1;Staphylococcus epidermidis;2;0;100.0;0;100.0
GCF_003980275.1;Staphylococcus epidermidis;2;0;100.0;0;100.0
GCA_009648365.1;Staphylococcus epidermidis;2;0;100.0;0;100.0
GCF_001999745.1;Staphylococcus epidermidis;2;0;100.0;0;100.0
GCF_015274905.1;Staphylococcus epidermidis;2;0;100.0;0;100.0
GCF_003980195.1;Staphylococcus epidermidis;2;0;100.0;0;100.0
GCF_015274155.1;Staphylococcus epidermidis;2;0;100.0;0;100.0
GCA_000508745.2;Staphylococcus sp. DORA_6_22;1;0;0;0;100.0
GCF_003035205.1;Staphylococcus epidermidis;2;0;100.0;0;100.0
GCF_019330165.1;Staphylococcus epidermidis;2;0;100.0;0;100.0
GCF_004329135.1;Staphylococcus epidermidis;2;0;100.0;0;100.0
GCF_001073465.1;Staphylococcus epidermidis;2;0;100.0;0;100.0
GCF_001837535.1;Staphylococcus sp. HMSC070A07;2;0;100.0;0;100.0
GCF_001068845.1;Staphylococcus epidermidis;2;0;100.0;0;100.0
GCF_021728865.1;Staphylococcus epidermidis;2;0;100.0;0;100.0
GCF_008922885.1;Staphylococcus epidermidis;2;0;100.0;0;100.0
GCF_007673505.1;Staphylococcus epidermidis;2;0;100.0;0;100.0
GCF_001068475.1;Staphylococcus epidermidis;2;0;100.0;0;100.0
GCF_001659255.1;Staphylococcus epidermidis;2;0;100.0;0;100.0
GCF_022352605.1;Staphylococcus epidermidis;2;0;100.0;0;100.0
GCF_003956785.1;Staphylococcus epidermidis;2;0;100.0;0;100.0
GCF_001813975.1;Staphylococcus sp. HMSC076H12;2;0;100.0;0;100.0
GCF_001074895.1;Staphylococcus epidermidis;2;0;100.0;0;88.88888888888889
GCF_030715555.1;Staphylococcus epidermidis;2;0;100.0;0;100.0
GCF_024091795.1;Staphylococcus epidermidis;2;0;100.0;0;100.0
GCF_021367675.1;Staphylococcus epidermidis;2;0;100.0;0;100.0
GCF_007678155.1;Staphylococcus epidermidis;2;0;100.0;0;100.0
GCF_004374925.1;Staphylococcus epidermidis;2;0;100.0;0;100.0
GCF_000418125.2;Staphylococcus epidermidis CIM28;2;0;100.0;0;100.0
GCF_024091955.1;Staphylococcus epidermidis;2;0;100.0;0;100.0
GCF_022428385.1;Staphylococcus epidermidis;2;0;100.0;0;100.0
GCF_029211385.1;Staphylococcus epidermidis;2;0;100.0;0;100.0
GCF_001068995.1;Staphylococcus epidermidis;2;0;100.0;0;100.0
GCF_001069095.1;Staphylococcus epidermidis;2;0;100.0;0;100.0
GCF_030928275.1;Staphylococcus epidermidis;3;0;[25.0, 75.0];0;100.0
GCF_000759555.1;Staphylococcus epidermidis;2;0;100.0;0;100.0
GCF_003979795.1;Staphylococcus epidermidis;2;0;100.0;0;100.0
GCF_015645175.1;Staphylococcus epidermidis;2;0;100.0;0;100.0
GCF_001061715.1;Staphylococcus epidermidis;2;0;100.0;0;100.0
GCF_004375015.1;Staphylococcus epidermidis;2;0;100.0;0;100.0
GCA_017571195.1;Staphylococcus epidermidis;1;0;100.0;0;0
GCF_015070735.1;Staphylococcus epidermidis;2;0;100.0;0;100.0
GCF_001837945.1;Staphylococcus sp. HMSC077D08;2;0;100.0;0;100.0
GCF_003956805.1;Staphylococcus epidermidis;2;0;100.0;0;100.0
GCF_022428325.1;Staphylococcus epidermidis;2;0;50.0;0;100.0
GCF_012843325.1;Staphylococcus epidermidis;2;0;100.0;0;100.0
GCF_030291655.1;Staphylococcus epidermidis;2;0;100.0;0;100.0
GCF_024092035.1;Staphylococcus epidermidis;2;0;100.0;0;100.0
GCF_006337225.1;Staphylococcus epidermidis;2;0;100.0;0;100.0
GCF_014265315.1;Staphylococcus epidermidis;1;0;100.0;0;0
GCF_008922795.1;Staphylococcus epidermidis;2;0;100.0;0;100.0
GCF_011307475.1;Staphylococcus epidermidis;2;0;100.0;0;100.0
GCF_000276425.1;Staphylococcus epidermidis NIHLM057;2;0;100.0;0;100.0
GCF_026154125.1;Staphylococcus epidermidis;2;0;100.0;0;100.0
GCF_023147255.1;Staphylococcus epidermidis;2;0;100.0;0;100.0
GCF_021367815.1;Staphylococcus epidermidis;2;0;100.0;0;100.0
GCF_014265285.1;Staphylococcus epidermidis;2;0;100.0;0;100.0
GCF_003956995.1;Staphylococcus epidermidis;2;0;100.0;0;100.0
GCF_008923085.1;Staphylococcus epidermidis;2;0;100.0;0;100.0
GCF_003980005.1;Staphylococcus epidermidis;2;0;100.0;0;100.0
GCF_025146985.1;Staphylococcus epidermidis;2;0;100.0;0;100.0
GCF_007672915.1;Staphylococcus epidermidis;2;0;100.0;0;100.0
GCF_024090225.1;Staphylococcus epidermidis;2;0;100.0;0;100.0
GCA_003687195.1;Staphylococcus epidermidis;2;0;100.0;0;100.0
GCF_003035185.1;Staphylococcus epidermidis;2;0;100.0;0;100.0
GCF_015273275.1;Staphylococcus epidermidis;2;0;100.0;0;100.0
GCF_022353125.1;Staphylococcus epidermidis;2;0;100.0;0;100.0
GCF_029691855.1;Staphylococcus epidermidis;2;0;100.0;0;100.0
GCF_003577825.1;Staphylococcus epidermidis;2;0;100.0;0;100.0
GCF_001069245.1;Staphylococcus epidermidis;2;0;100.0;0;100.0
GCF_008922175.1;Staphylococcus epidermidis;2;0;100.0;0;100.0
GCF_001075595.1;Staphylococcus epidermidis;2;0;100.0;0;100.0
GCF_022353015.1;Staphylococcus epidermidis;2;0;100.0;0;100.0
GCF_030715975.1;Staphylococcus epidermidis;2;0;100.0;0;100.0
GCF_007673995.1;Staphylococcus epidermidis;2;0;100.0;0;100.0
GCF_004374765.1;Staphylococcus epidermidis;2;0;100.0;0;100.0
GCF_022352615.1;Staphylococcus epidermidis;2;0;100.0;0;100.0
GCA_003687235.1;Staphylococcus epidermidis;2;0;100.0;0;100.0
GCF_019836425.2;Staphylococcus epidermidis;2;0;100.0;0;100.0
GCA_030218285.1;Staphylococcus epidermidis;1;0;25.0;0;0
GCF_910576215.1;Staphylococcus epidermidis;2;0;100.0;0;100.0
GCF_025143145.1;Staphylococcus epidermidis;1;0;100.0;0;0
GCF_002835575.1;Staphylococcus epidermidis;2;0;100.0;0;100.0
GCF_900458575.1;Staphylococcus epidermidis;2;0;100.0;0;100.0
GCF_001074435.1;Staphylococcus epidermidis;2;0;100.0;0;100.0
GCF_003956875.1;Staphylococcus epidermidis;2;0;100.0;0;100.0
GCF_001066085.1;Staphylococcus epidermidis;2;0;100.0;0;100.0
GCF_015274615.1;Staphylococcus epidermidis;2;0;100.0;0;100.0
GCF_024091255.1;Staphylococcus epidermidis;2;0;100.0;0;100.0
GCF_015698435.1;Staphylococcus epidermidis;1;0;100.0;0;0
GCF_001622665.1;Staphylococcus epidermidis;2;0;100.0;0;100.0
GCF_006094375.1;Staphylococcus epidermidis;2;0;100.0;0;100.0
GCF_025151305.1;Staphylococcus epidermidis;2;0;100.0;0;100.0
GCF_021496035.1;Staphylococcus epidermidis;2;0;100.0;0;100.0
GCF_000418025.2;Staphylococcus epidermidis Scl19;2;0;100.0;0;100.0
GCF_000966705.1;Staphylococcus epidermidis;2;0;100.0;0;100.0
GCF_008922345.1;Staphylococcus epidermidis;2;0;100.0;0;100.0
GCF_003035745.1;Staphylococcus epidermidis;2;0;100.0;0;100.0
GCF_014265485.1;Staphylococcus epidermidis;2;0;100.0;0;100.0
GCF_001658445.1;Staphylococcus epidermidis;2;0;100.0;0;100.0
GCF_003035645.1;Staphylococcus epidermidis;3;0;[75.0, 25.0];0;100.0
GCF_000418045.1;Staphylococcus epidermidis Scl22;2;0;100.0;0;100.0
GCF_022353025.1;Staphylococcus epidermidis;2;0;100.0;0;100.0
GCF_017498735.1;Staphylococcus epidermidis;2;0;100.0;0;100.0
GCF_015698585.1;Staphylococcus epidermidis;2;0;100.0;0;100.0
GCF_001622755.1;Staphylococcus epidermidis;2;0;100.0;0;100.0
GCF_000418205.2;Staphylococcus epidermidis MC19;2;0;100.0;0;100.0
GCF_027889815.1;Staphylococcus epidermidis;2;0;100.0;0;100.0
GCF_011307015.1;Staphylococcus epidermidis;2;0;100.0;0;100.0
GCF_022586435.1;Staphylococcus epidermidis;2;0;100.0;0;100.0
GCF_017315595.1;Staphylococcus epidermidis;2;0;100.0;0;100.0
GCF_030548445.1;Staphylococcus epidermidis;2;0;100.0;0;100.0
GCF_009896975.1;Staphylococcus epidermidis;2;0;100.0;0;100.0
GCF_008922485.1;Staphylococcus epidermidis;2;0;100.0;0;100.0
GCF_016808825.1;Staphylococcus epidermidis;2;0;100.0;0;100.0
GCF_000257965.1;Staphylococcus epidermidis IS-K;2;0;100.0;0;100.0
GCF_030514465.1;Staphylococcus epidermidis;2;0;100.0;0;100.0
GCF_001813255.1;Staphylococcus sp. HMSC068G12;2;0;100.0;0;100.0
GCF_009897305.1;Staphylococcus epidermidis;2;0;100.0;0;100.0
GCF_003687055.1;Staphylococcus epidermidis;2;0;100.0;0;100.0
GCF_000221705.1;Staphylococcus epidermidis VCU037;2;0;100.0;0;100.0
GCF_024106215.1;Staphylococcus epidermidis;3;0;[75.0, 25.0];0;100.0
GCF_016808495.1;Staphylococcus epidermidis;2;0;100.0;0;100.0
GCF_021398345.1;Staphylococcus epidermidis;2;0;100.0;0;100.0
GCF_023712865.1;Staphylococcus epidermidis;2;0;100.0;0;100.0
GCF_003956775.1;Staphylococcus epidermidis;2;0;100.0;0;100.0
GCF_030716005.1;Staphylococcus epidermidis;2;0;100.0;0;100.0
GCA_001940625.1;Staphylococcus epidermidis;2;0;100.0;0;100.0
GCF_019329425.1;Staphylococcus epidermidis;2;0;100.0;0;100.0
GCF_001511655.2;Staphylococcus epidermidis;2;0;100.0;0;100.0
GCF_007666595.1;Staphylococcus epidermidis;2;0;100.0;0;100.0
GCF_020166065.1;Staphylococcus epidermidis;2;0;100.0;0;100.0
GCF_024655765.1;Staphylococcus epidermidis;2;0;100.0;0;100.0
GCF_007673895.1;Staphylococcus epidermidis;2;0;100.0;0;100.0
GCF_000276105.1;Staphylococcus epidermidis NIH05001;2;0;100.0;0;100.0
GCF_016809195.1;Staphylococcus epidermidis;2;0;100.0;0;100.0
GCF_023147825.1;Staphylococcus epidermidis;2;0;100.0;0;100.0
GCF_009897605.1;Staphylococcus epidermidis;2;0;100.0;0;100.0
GCF_003979715.1;Staphylococcus epidermidis;2;0;100.0;0;100.0
GCF_002750015.1;Staphylococcus epidermidis;2;0;100.0;0;100.0
GCF_001068785.1;Staphylococcus epidermidis;2;0;100.0;0;100.0
GCF_001071895.1;Staphylococcus epidermidis;2;0;100.0;0;100.0
GCF_007678985.1;Staphylococcus epidermidis;2;0;100.0;0;100.0
GCF_017583025.1;Staphylococcus epidermidis;2;0;100.0;0;100.0
GCF_022585795.1;Staphylococcus epidermidis;2;0;100.0;0;100.0
GCF_024742215.1;Staphylococcus epidermidis;2;0;100.0;0;100.0
GCF_022353005.1;Staphylococcus epidermidis;2;0;100.0;0;100.0
GCF_009897825.1;Staphylococcus epidermidis;2;0;100.0;0;100.0
GCF_008922205.1;Staphylococcus epidermidis;2;0;100.0;0;100.0
GCF_001070735.1;Staphylococcus epidermidis;2;0;100.0;0;100.0
GCF_001075835.1;Staphylococcus epidermidis;2;0;100.0;0;100.0
GCF_016834495.1;Staphylococcus epidermidis;2;0;100.0;0;100.0
GCF_001069395.1;Staphylococcus epidermidis;2;0;100.0;0;100.0
GCF_001659185.1;Staphylococcus epidermidis;2;0;100.0;0;100.0
GCF_001658715.1;Staphylococcus epidermidis;2;0;100.0;0;100.0
GCF_019329665.1;Staphylococcus epidermidis;2;0;100.0;0;100.0
GCF_003038655.1;Staphylococcus epidermidis;2;0;100.0;0;100.0
GCF_016903555.1;Staphylococcus epidermidis;2;0;100.0;0;100.0
GCF_004374995.1;Staphylococcus epidermidis;2;0;100.0;0;100.0
GCF_009685135.1;Staphylococcus epidermidis;2;0;100.0;0;100.0
GCF_001662165.1;Staphylococcus epidermidis;2;0;100.0;0;100.0
GCF_003578045.1;Staphylococcus epidermidis;2;0;100.0;0;100.0
GCF_000304575.1;Staphylococcus epidermidis 12142587;2;0;100.0;0;100.0
GCF_016809095.1;Staphylococcus epidermidis;2;0;100.0;0;100.0
GCF_004374975.1;Staphylococcus epidermidis;3;0;[75.0, 25.0];0;100.0
GCF_007666855.1;Staphylococcus epidermidis PM221;2;0;100.0;0;100.0
GCA_001658625.1;Staphylococcus epidermidis;2;0;100.0;0;100.0
GCF_003980285.1;Staphylococcus epidermidis;2;0;100.0;0;100.0
GCF_024090975.1;Staphylococcus epidermidis;2;0;100.0;0;100.0
GCF_001075635.1;Staphylococcus epidermidis;2;0;100.0;0;100.0
GCF_003979615.1;Staphylococcus epidermidis;2;0;100.0;0;100.0
GCF_004374775.1;Staphylococcus epidermidis;2;0;100.0;0;100.0
GCF_003979965.1;Staphylococcus epidermidis;2;0;100.0;0;100.0
GCF_019329805.1;Staphylococcus epidermidis;2;0;100.0;0;100.0
GCF_023147605.1;Staphylococcus epidermidis;2;0;100.0;0;100.0
GCF_001658725.1;Staphylococcus epidermidis;2;0;100.0;0;100.0
GCF_016808875.1;Staphylococcus epidermidis;2;0;100.0;0;100.0
GCF_000763625.1;Staphylococcus epidermidis;2;0;100.0;0;100.0
GCF_014265445.1;Staphylococcus epidermidis;2;0;100.0;0;100.0
GCF_024091735.1;Staphylococcus epidermidis;2;0;100.0;0;100.0
GCF_001659235.1;Staphylococcus epidermidis;2;0;100.0;0;100.0
GCF_019330245.1;Staphylococcus epidermidis;2;0;100.0;0;100.0
GCF_007678355.1;Staphylococcus epidermidis;2;0;100.0;0;100.0
GCF_016808535.1;Staphylococcus epidermidis;2;0;100.0;0;100.0
GCF_004323075.1;Staphylococcus epidermidis;2;0;100.0;0;100.0
GCA_014857135.1;Staphylococcus epidermidis;2;0;100.0;0;100.0
GCF_024505205.1;Staphylococcus epidermidis;2;0;100.0;0;100.0
GCF_024090535.1;Staphylococcus epidermidis;2;0;100.0;0;100.0
GCF_009897925.1;Staphylococcus epidermidis;2;0;100.0;0;100.0
GCF_030435975.1;Staphylococcus epidermidis;2;0;100.0;0;100.0
GCF_000418185.2;Staphylococcus epidermidis MC16;2;0;100.0;0;100.0
GCF_009897085.1;Staphylococcus epidermidis;2;0;100.0;0;100.0
GCF_000221665.1;Staphylococcus epidermidis VCU109;2;0;100.0;0;100.0
GCF_020739785.1;Staphylococcus epidermidis;2;0;100.0;0;100.0
GCA_004920235.1;Staphylococcus epidermidis FS1;2;0;100.0;0;100.0
GCF_001659105.1;Staphylococcus epidermidis;2;0;100.0;0;100.0
GCF_001071485.1;Staphylococcus epidermidis;2;0;100.0;0;100.0
GCF_024204765.1;Staphylococcus epidermidis;2;0;100.0;0;100.0
GCF_004920265.1;Staphylococcus epidermidis VCU112;2;0;100.0;0;100.0
GCF_001069965.1;Staphylococcus epidermidis;2;0;100.0;0;100.0
GCF_030928395.1;Staphylococcus epidermidis;3;0;[25.0, 75.0];0;100.0
GCF_001075795.1;Staphylococcus epidermidis;2;0;100.0;0;100.0
GCF_014265665.1;Staphylococcus epidermidis;2;0;100.0;0;100.0
GCF_002156425.1;Staphylococcus epidermidis;2;0;100.0;0;100.0
GCF_016808775.1;Staphylococcus epidermidis;2;0;100.0;0;100.0
GCF_001075095.1;Staphylococcus epidermidis;2;0;100.0;0;100.0
GCF_003979655.1;Staphylococcus epidermidis;2;0;100.0;0;100.0
GCF_026153315.1;Staphylococcus epidermidis;2;0;100.0;0;100.0
GCF_015273785.1;Staphylococcus epidermidis;2;0;100.0;0;100.0
GCF_025558645.1;Staphylococcus epidermidis;2;0;100.0;0;100.0
GCF_001073675.1;Staphylococcus epidermidis;2;0;100.0;0;100.0
GCF_020739975.1;Staphylococcus epidermidis;2;0;100.0;0;100.0
GCF_018407685.1;Staphylococcus epidermidis;2;0;100.0;0;100.0
GCF_003578065.1;Staphylococcus epidermidis;2;0;100.0;0;100.0
GCF_008922375.1;Staphylococcus epidermidis;2;0;100.0;0;100.0
GCF_020739805.1;Staphylococcus epidermidis;2;0;100.0;0;100.0
GCF_003956765.1;Staphylococcus epidermidis;2;0;100.0;0;100.0
GCF_007676715.1;Staphylococcus epidermidis;2;0;100.0;0;100.0
GCF_910589955.1;Staphylococcus epidermidis;2;0;100.0;0;100.0
GCF_001476515.1;Staphylococcus epidermidis;2;0;100.0;0;100.0
GCF_031082805.1;Staphylococcus epidermidis;2;0;100.0;0;100.0
GCF_000186205.1;Staphylococcus epidermidis FRI909;2;0;100.0;0;100.0
GCF_003956905.1;Staphylococcus epidermidis;2;0;100.0;0;100.0
GCF_023845095.1;Staphylococcus epidermidis;2;0;100.0;0;100.0
GCF_001069525.1;Staphylococcus epidermidis;2;0;100.0;0;100.0
GCF_902509525.1;Staphylococcus epidermidis;2;0;100.0;0;100.0
GCF_009897515.1;Staphylococcus epidermidis;2;0;100.0;0;100.0
GCF_009897655.1;Staphylococcus epidermidis;2;0;100.0;0;100.0
GCF_022586415.1;Staphylococcus epidermidis;2;0;100.0;0;100.0
GCF_902509535.1;Staphylococcus epidermidis;2;0;100.0;0;100.0
GCF_000245675.1;Staphylococcus epidermidis VCU065;2;0;100.0;0;100.0
GCF_022832895.1;Staphylococcus epidermidis;2;0;100.0;0;100.0
GCF_003980155.1;Staphylococcus epidermidis;2;0;100.0;0;100.0
GCF_900169475.1;Staphylococcus epidermidis;2;0;100.0;0;100.0
GCF_015273595.1;Staphylococcus epidermidis;2;0;100.0;0;100.0
GCF_001659205.1;Staphylococcus epidermidis;2;0;100.0;0;100.0
GCF_001837995.1;Staphylococcus sp. HMSC077H01;2;0;100.0;0;100.0
GCF_015274325.1;Staphylococcus epidermidis;2;0;100.0;0;100.0
GCF_009757155.1;Staphylococcus epidermidis;2;0;100.0;0;100.0
GCF_007672455.1;Staphylococcus epidermidis PM221;2;0;100.0;0;100.0
GCF_001074005.1;Staphylococcus epidermidis;2;0;100.0;0;100.0
GCF_000443975.1;Staphylococcus epidermidis E13A;1;0;100.0;0;0
GCF_015274835.1;Staphylococcus epidermidis;2;0;100.0;0;100.0
GCF_001835815.1;Staphylococcus sp. HMSC034A07;2;0;100.0;0;100.0
GCF_000276085.1;Staphylococcus epidermidis NIH04008;2;0;100.0;0;100.0
GCF_025147285.1;Staphylococcus epidermidis;2;0;100.0;0;100.0
GCF_001622485.1;Staphylococcus epidermidis;2;0;100.0;0;100.0
GCF_016808735.1;Staphylococcus epidermidis;2;0;100.0;0;100.0
GCF_000418005.2;Staphylococcus epidermidis MC28;2;0;100.0;0;100.0
GCF_000308395.1;Staphylococcus epidermidis AU12-03;2;0;100.0;0;100.0
GCF_900458655.1;Staphylococcus epidermidis;2;0;100.0;0;100.0
GCF_000276545.1;Staphylococcus epidermidis NIHLM095;2;0;100.0;0;100.0
GCF_001073305.1;Staphylococcus epidermidis;2;0;100.0;0;100.0
GCF_007677235.1;Staphylococcus epidermidis;2;0;100.0;0;100.0
GCF_017167385.1;Staphylococcus epidermidis;2;0;100.0;0;100.0
GCF_027889845.1;Staphylococcus epidermidis;2;0;100.0;0;100.0
GCF_024204725.1;Staphylococcus epidermidis;2;0;100.0;0;100.0
GCF_025146645.1;Staphylococcus epidermidis;2;0;100.0;0;100.0
GCF_021728835.1;Staphylococcus epidermidis;2;0;100.0;0;100.0
GCF_000685135.1;Staphylococcus epidermidis;2;0;100.0;0;100.0
GCF_002750355.1;Staphylococcus epidermidis;2;0;100.0;0;100.0
GCF_016808955.1;Staphylococcus epidermidis;2;0;100.0;0;100.0
GCF_024204825.1;Staphylococcus epidermidis;2;0;100.0;0;100.0
GCF_022214875.1;Staphylococcus epidermidis;2;0;100.0;0;100.0
GCF_011307235.1;Staphylococcus epidermidis;2;0;100.0;0;100.0
GCA_017571295.1;Staphylococcus epidermidis;1;0;100.0;0;0
GCF_008923075.1;Staphylococcus epidermidis;2;0;100.0;0;100.0
GCF_001812315.1;Staphylococcus sp. HMSC066G04;2;0;100.0;0;100.0
GCF_007667855.1;Staphylococcus epidermidis;2;0;100.0;0;100.0
GCF_003035705.1;Staphylococcus epidermidis;2;0;100.0;0;100.0
GCF_001073235.1;Staphylococcus epidermidis;2;0;100.0;0;100.0
GCF_008922415.1;Staphylococcus epidermidis;2;0;100.0;0;100.0
GCF_009896875.1;Staphylococcus epidermidis;2;0;100.0;0;100.0
GCF_015273245.1;Staphylococcus epidermidis;2;0;100.0;0;100.0
GCF_030548475.1;Staphylococcus epidermidis;2;0;100.0;0;100.0
GCF_000966775.1;Staphylococcus epidermidis;2;0;100.0;0;100.0
GCF_001622835.1;Staphylococcus epidermidis;2;0;100.0;0;100.0
GCF_001075685.1;Staphylococcus epidermidis;2;0;100.0;0;100.0
GCF_015273585.1;Staphylococcus epidermidis;2;0;100.0;0;100.0
GCF_001069275.1;Staphylococcus epidermidis;2;0;100.0;0;100.0
GCF_008922155.1;Staphylococcus epidermidis;2;0;100.0;0;100.0
GCF_007666905.1;Staphylococcus epidermidis;2;0;100.0;0;100.0
GCF_015273535.1;Staphylococcus epidermidis;2;0;100.0;0;100.0
GCF_016808855.1;Staphylococcus epidermidis;2;0;100.0;0;100.0
GCF_004329475.1;Staphylococcus epidermidis;2;0;100.0;0;100.0
GCF_009897425.1;Staphylococcus epidermidis;2;0;100.0;0;100.0
GCF_016809105.1;Staphylococcus epidermidis;2;0;100.0;0;100.0
GCF_022426545.1;Staphylococcus epidermidis;2;0;100.0;0;100.0
GCF_007672815.1;Staphylococcus epidermidis;2;0;100.0;0;100.0
GCF_001068895.1;Staphylococcus epidermidis;2;0;100.0;0;100.0
GCF_910590035.1;Staphylococcus epidermidis;2;0;100.0;0;100.0
GCF_003956855.1;Staphylococcus epidermidis;2;0;100.0;0;100.0
GCF_000276325.1;Staphylococcus epidermidis NIHLM037;2;0;100.0;0;100.0
GCF_026154395.1;Staphylococcus epidermidis;2;0;100.0;0;100.0
GCF_910591375.1;Staphylococcus epidermidis;3;0;[75.0, 25.0];0;100.0
GCF_014266605.1;Staphylococcus epidermidis;2;0;100.0;0;100.0
GCF_030717365.1;Staphylococcus epidermidis;2;0;100.0;0;100.0
GCF_016808675.1;Staphylococcus epidermidis;2;0;100.0;0;100.0
GCF_008923045.1;Staphylococcus epidermidis;2;0;100.0;0;100.0
GCF_002752835.2;Staphylococcus epidermidis;2;0;100.0;0;100.0
GCF_001622525.1;Staphylococcus epidermidis;2;0;100.0;0;100.0
GCF_024091155.1;Staphylococcus epidermidis;2;0;100.0;0;100.0
GCF_002749515.1;Staphylococcus epidermidis;2;0;100.0;0;100.0
GCF_027658865.1;Staphylococcus epidermidis;2;0;100.0;0;100.0
GCF_001073215.1;Staphylococcus epidermidis;2;0;100.0;0;100.0
GCF_910590245.1;Staphylococcus epidermidis;2;0;100.0;0;100.0
GCF_001622605.1;Staphylococcus epidermidis;2;0;100.0;0;100.0
GCF_029691685.1;Staphylococcus epidermidis;2;0;100.0;0;100.0
GCF_024092195.1;Staphylococcus epidermidis;2;0;100.0;0;100.0
GCF_002901875.1;Staphylococcus epidermidis;2;0;100.0;0;100.0
GCF_000275965.1;Staphylococcus epidermidis NIH051475;2;0;100.0;0;100.0
GCF_001465395.1;Staphylococcus epidermidis;2;0;100.0;0;100.0
GCF_001069375.1;Staphylococcus epidermidis;2;0;100.0;0;100.0
GCF_024091885.1;Staphylococcus epidermidis;2;0;100.0;0;100.0
GCF_003035685.1;Staphylococcus epidermidis;2;0;100.0;0;100.0
GCF_910589875.1;Staphylococcus epidermidis;2;0;100.0;0;100.0
GCF_014266035.1;Staphylococcus epidermidis;2;0;100.0;0;100.0
GCF_019787665.1;Staphylococcus epidermidis;2;0;100.0;0;100.0
GCF_024091295.1;Staphylococcus epidermidis;2;0;100.0;0;100.0
GCF_001070505.1;Staphylococcus epidermidis;2;0;100.0;0;100.0
GCF_029691915.1;Staphylococcus epidermidis;2;0;100.0;0;100.0
GCF_014266565.1;Staphylococcus epidermidis;2;0;100.0;0;100.0
GCF_910590075.1;Staphylococcus epidermidis;2;0;100.0;0;100.0
GCF_018407945.1;Staphylococcus epidermidis;2;0;100.0;0;100.0
GCF_002087975.1;Staphylococcus epidermidis;2;0;100.0;0;100.0
GCF_000245695.1;Staphylococcus epidermidis VCU081;2;0;100.0;0;100.0
GCF_001076465.1;Staphylococcus epidermidis;2;0;100.0;0;100.0
GCF_001663015.1;Staphylococcus epidermidis;2;0;100.0;0;100.0
GCF_030235195.1;Staphylococcus epidermidis;2;0;100.0;0;100.0
GCF_001956655.1;Staphylococcus epidermidis;2;0;100.0;0;100.0
GCF_000966715.1;Staphylococcus epidermidis;2;0;100.0;0;100.0
GCF_000160235.1;Staphylococcus epidermidis W23144;2;0;100.0;0;100.0
GCF_021366885.1;Staphylococcus epidermidis;2;0;100.0;0;100.0
GCF_003980205.1;Staphylococcus epidermidis;2;0;100.0;0;100.0
GCF_029211285.1;Staphylococcus epidermidis;2;0;100.0;0;100.0
GCF_001663025.1;Staphylococcus epidermidis;2;0;100.0;0;100.0
GCF_003956965.1;Staphylococcus epidermidis;2;0;100.0;0;100.0
GCF_003979775.1;Staphylococcus epidermidis;2;0;100.0;0;100.0
GCF_016808565.1;Staphylococcus epidermidis;2;0;100.0;0;100.0
GCF_024091985.1;Staphylococcus epidermidis;2;0;100.0;0;100.0
GCF_001465375.1;Staphylococcus epidermidis;2;0;100.0;0;100.0
GCF_003979985.1;Staphylococcus epidermidis;2;0;100.0;0;100.0
GCF_030216685.1;Staphylococcus epidermidis;2;0;100.0;0;100.0
GCF_001068505.1;Staphylococcus epidermidis;2;0;100.0;0;100.0
GCF_016808515.1;Staphylococcus epidermidis;2;0;100.0;0;100.0
GCF_001073295.1;Staphylococcus epidermidis;2;0;100.0;0;100.0
GCF_000276345.1;Staphylococcus epidermidis NIHLM039;2;0;100.0;0;100.0
GCF_001075855.1;Staphylococcus epidermidis;2;0;100.0;0;100.0
GCF_003979975.1;Staphylococcus epidermidis;2;0;100.0;0;100.0
GCF_030715095.1;Staphylococcus epidermidis;2;0;100.0;0;100.0
GCF_910590055.1;Staphylococcus epidermidis;2;0;100.0;0;100.0
GCF_025151285.1;Staphylococcus epidermidis;2;0;100.0;0;100.0
GCF_000551165.1;Staphylococcus epidermidis M0026;2;0;100.0;0;100.0
GCF_007677255.1;Staphylococcus epidermidis;2;0;100.0;0;100.0
GCF_001658785.1;Staphylococcus epidermidis;2;0;100.0;0;100.0
GCF_021366835.1;Staphylococcus epidermidis;2;0;100.0;0;100.0
GCF_024090575.1;Staphylococcus epidermidis;2;0;100.0;0;100.0
GCF_021513095.1;Staphylococcus epidermidis;2;0;100.0;0;100.0
GCF_002417645.1;Staphylococcus epidermidis;2;0;100.0;0;100.0
GCF_001071885.1;Staphylococcus epidermidis;2;0;100.0;0;100.0
GCF_001069075.1;Staphylococcus epidermidis;2;0;100.0;0;100.0
GCF_000418085.2;Staphylococcus epidermidis Scl31;3;0;[50.0, 75.0];0;66.66666666666666
GCF_019836385.2;Staphylococcus epidermidis;2;0;100.0;0;100.0
GCF_003578055.1;Staphylococcus epidermidis;2;0;100.0;0;100.0
GCF_001072595.1;Staphylococcus epidermidis;2;0;100.0;0;100.0
GCF_004376155.1;Staphylococcus epidermidis;2;0;100.0;0;100.0
GCF_011307715.1;Staphylococcus epidermidis;2;0;100.0;0;100.0
GCF_007673625.1;Staphylococcus epidermidis;2;0;100.0;0;100.0
GCF_001068635.1;Staphylococcus epidermidis;2;0;100.0;0;100.0
GCF_003577785.1;Staphylococcus epidermidis;2;0;100.0;0;100.0
GCF_001072135.1;Staphylococcus epidermidis;2;0;100.0;0;100.0
GCF_015221365.1;Staphylococcus epidermidis;2;0;100.0;0;66.66666666666666
GCF_000276465.1;Staphylococcus epidermidis NIHLM067;2;0;100.0;0;100.0
GCA_015730515.1;Staphylococcus epidermidis;2;0;100.0;0;100.0
GCF_001075435.1;Staphylococcus epidermidis;2;0;100.0;0;100.0
GCF_021292185.1;Staphylococcus epidermidis;2;0;100.0;0;100.0
GCF_016406625.1;Staphylococcus epidermidis;2;0;100.0;0;100.0
GCF_008922525.1;Staphylococcus epidermidis;2;0;100.0;0;100.0
GCF_001412455.1;Staphylococcus epidermidis;2;0;100.0;0;100.0
GCF_016808455.1;Staphylococcus epidermidis;2;0;100.0;0;100.0
GCF_024091865.1;Staphylococcus epidermidis;2;0;100.0;0;100.0
GCF_001070485.1;Staphylococcus epidermidis;2;0;100.0;0;100.0
GCF_002221945.1;Staphylococcus epidermidis;2;0;100.0;0;100.0
GCF_003384245.1;Staphylococcus epidermidis;2;0;100.0;0;100.0
GCF_900458645.1;Staphylococcus epidermidis;2;0;100.0;0;100.0
GCF_015273575.1;Staphylococcus epidermidis;2;0;100.0;0;100.0
GCF_001810985.1;Staphylococcus sp. HMSC034G11;2;0;100.0;0;100.0
GCF_000417945.2;Staphylococcus epidermidis APO27;2;0;100.0;0;100.0
GCF_001071425.1;Staphylococcus epidermidis;2;0;100.0;0;100.0
GCF_016809185.1;Staphylococcus epidermidis;2;0;100.0;0;100.0
GCF_001658605.1;Staphylococcus epidermidis;2;0;100.0;0;100.0
GCF_024733635.2;Staphylococcus epidermidis;2;0;100.0;0;100.0
GCF_001622455.1;Staphylococcus epidermidis;2;0;100.0;0;100.0
GCF_001814805.1;Staphylococcus sp. HMSC062B11;2;0;100.0;0;100.0
GCF_007678005.1;Staphylococcus epidermidis;2;0;100.0;0;100.0
GCF_014265325.1;Staphylococcus epidermidis;2;0;100.0;0;100.0
GCF_008922945.1;Staphylococcus epidermidis;2;0;100.0;0;100.0
GCF_016809275.1;Staphylococcus epidermidis;2;0;100.0;0;100.0
GCF_003979705.1;Staphylococcus epidermidis;2;0;100.0;0;100.0
GCF_009898055.1;Staphylococcus epidermidis;2;0;100.0;0;100.0
GCF_016808555.1;Staphylococcus epidermidis;2;0;100.0;0;100.0
GCF_026314335.1;Staphylococcus epidermidis;2;0;100.0;0;100.0
GCF_009898075.1;Staphylococcus epidermidis;2;0;100.0;0;100.0
GCF_001072685.1;Staphylococcus epidermidis;2;0;100.0;0;100.0
GCF_022428305.1;Staphylococcus epidermidis;2;0;100.0;0;100.0
GCF_030225195.1;Staphylococcus epidermidis;2;0;100.0;0;100.0
GCF_902509495.1;Staphylococcus epidermidis;2;0;100.0;0;100.0
GCF_913082365.1;Staphylococcus epidermidis;2;0;100.0;0;100.0
GCF_030931415.1;Staphylococcus epidermidis;2;0;100.0;0;100.0
GCF_001072995.1;Staphylococcus epidermidis;2;0;100.0;0;100.0
GCF_003035245.1;Staphylococcus epidermidis;2;0;100.0;0;100.0
GCF_022586445.1;Staphylococcus epidermidis;2;0;100.0;0;100.0
GCF_009897975.1;Staphylococcus epidermidis;2;0;100.0;0;100.0
GCF_024090315.1;Staphylococcus epidermidis;2;0;100.0;0;100.0
GCF_015274555.1;Staphylococcus epidermidis;2;0;100.0;0;100.0
GCF_003979875.1;Staphylococcus epidermidis;2;0;100.0;0;100.0
GCF_029691745.1;Staphylococcus epidermidis;2;0;100.0;0;100.0
GCA_004343675.4;Staphylococcus epidermidis;1;0;100.0;0;0
GCF_007666585.1;Staphylococcus epidermidis ATCC 12228;2;0;100.0;0;100.0
GCF_019149045.1;Staphylococcus epidermidis;2;0;100.0;0;100.0
GCF_001812445.1;Staphylococcus sp. HMSC073C02;2;0;100.0;0;100.0
GCF_001075165.1;Staphylococcus epidermidis;2;0;100.0;0;100.0
GCF_009897905.1;Staphylococcus epidermidis;2;0;100.0;0;100.0
GCF_001659395.1;Staphylococcus epidermidis;2;0;100.0;0;100.0
GCF_001659515.1;Staphylococcus epidermidis;2;0;100.0;0;100.0
GCF_910590325.1;Staphylococcus epidermidis;3;0;[25.0, 75.0];0;100.0
GCA_025289875.1;Staphylococcus epidermidis;2;0;75.0;0;55.55555555555556
GCF_001076495.1;Staphylococcus epidermidis;2;0;100.0;0;100.0
GCF_003687255.1;Staphylococcus epidermidis;2;0;100.0;0;100.0
GCF_001075555.1;Staphylococcus epidermidis;2;0;100.0;0;100.0
GCF_000164075.1;Staphylococcus epidermidis M23864:W2(grey);2;0;100.0;0;100.0
GCF_012102495.1;Staphylococcus epidermidis;2;0;100.0;0;100.0
GCA_000276525.1;Staphylococcus epidermidis NIHLM088;2;0;100.0;0;88.88888888888889
GCF_030238065.1;Staphylococcus epidermidis;2;0;100.0;0;100.0
GCF_001622625.1;Staphylococcus epidermidis;2;0;100.0;0;100.0
GCF_007673845.1;Staphylococcus epidermidis;2;0;100.0;0;100.0
GCF_003979695.1;Staphylococcus epidermidis;2;0;100.0;0;100.0
GCF_001068545.1;Staphylococcus epidermidis;2;0;100.0;0;100.0
GCF_007665785.1;Staphylococcus epidermidis;2;0;100.0;0;100.0
GCF_002750265.1;Staphylococcus epidermidis;2;0;100.0;0;100.0
GCF_024091375.1;Staphylococcus epidermidis;2;0;100.0;0;100.0
GCF_000417965.2;Staphylococcus epidermidis APO35;2;0;100.0;0;100.0
GCF_027662485.1;Staphylococcus epidermidis;2;0;100.0;0;100.0
GCF_003957035.1;Staphylococcus epidermidis;2;0;100.0;0;100.0
GCF_019329785.1;Staphylococcus epidermidis;2;0;100.0;0;100.0
GCF_001072065.1;Staphylococcus epidermidis;2;0;100.0;0;100.0
GCF_000247185.1;Staphylococcus epidermidis VCU128;1;0;100.0;0;0
GCF_001658635.1;Staphylococcus epidermidis;2;0;100.0;0;100.0
GCF_008922665.1;Staphylococcus epidermidis;2;0;100.0;0;100.0
GCF_024092165.1;Staphylococcus epidermidis;2;0;100.0;0;100.0
GCF_019330105.1;Staphylococcus epidermidis;2;0;100.0;0;100.0
GCF_004374795.1;Staphylococcus epidermidis;2;0;100.0;0;100.0
GCF_024091745.1;Staphylococcus epidermidis;2;0;100.0;0;100.0
GCF_009897125.1;Staphylococcus epidermidis;2;0;100.0;0;100.0
GCF_018408135.1;Staphylococcus epidermidis;2;0;100.0;0;100.0
GCF_002750095.1;Staphylococcus epidermidis;2;0;100.0;0;100.0
GCF_029691895.1;Staphylococcus epidermidis;2;0;100.0;0;100.0
GCF_000276505.1;Staphylococcus epidermidis NIHLM087;2;0;100.0;0;100.0
GCF_000703025.1;Staphylococcus epidermidis AG42;2;0;100.0;0;100.0
GCF_019329405.1;Staphylococcus epidermidis;2;0;100.0;0;100.0
GCF_022426515.1;Staphylococcus epidermidis;2;0;100.0;0;100.0
GCF_001075335.1;Staphylococcus epidermidis;2;0;100.0;0;100.0
GCA_000390365.1;Staphylococcus epidermidis 41tr;1;0;0;0;88.88888888888889
GCF_009897145.1;Staphylococcus epidermidis;2;0;100.0;0;100.0
GCF_023147805.1;Staphylococcus epidermidis;2;0;100.0;0;100.0
GCF_000276005.1;Staphylococcus epidermidis NIH04003;2;0;100.0;0;100.0
GCF_001837825.1;Staphylococcus sp. HMSC074D07;2;0;75.0;0;100.0
GCF_009897165.1;Staphylococcus epidermidis;2;0;100.0;0;100.0
GCF_015273175.1;Staphylococcus epidermidis;2;0;100.0;0;100.0
GCF_900108795.1;Staphylococcus epidermidis;2;0;100.0;0;100.0
GCF_001072555.1;Staphylococcus epidermidis;2;0;100.0;0;100.0
GCF_024091785.1;Staphylococcus epidermidis;2;0;100.0;0;100.0
GCF_009897315.1;Staphylococcus epidermidis;2;0;100.0;0;100.0
GCF_019329245.1;Staphylococcus epidermidis;2;0;100.0;0;100.0
GCF_007666305.1;Staphylococcus epidermidis;2;0;100.0;0;100.0
GCF_001068575.1;Staphylococcus epidermidis;2;0;100.0;0;100.0
GCF_007668135.1;Staphylococcus epidermidis;2;0;100.0;0;100.0
GCF_002750175.1;Staphylococcus epidermidis;2;0;100.0;0;100.0
GCF_015273415.1;Staphylococcus epidermidis;2;0;100.0;0;100.0
GCF_004374805.1;Staphylococcus epidermidis;2;0;100.0;0;100.0
GCF_021191295.1;Staphylococcus epidermidis;2;0;100.0;0;100.0
GCF_001075015.1;Staphylococcus epidermidis;2;0;100.0;0;100.0
GCF_009769015.1;Staphylococcus epidermidis;2;0;100.0;0;100.0
GCF_008922505.1;Staphylococcus epidermidis;2;0;100.0;0;100.0
GCF_001658645.1;Staphylococcus epidermidis;2;0;100.0;0;100.0
GCF_003980105.1;Staphylococcus epidermidis;2;0;100.0;0;100.0
GCF_001837975.1;Staphylococcus sp. HMSC077G12;2;0;100.0;0;100.0
GCF_030235085.1;Staphylococcus epidermidis;2;0;100.0;0;100.0
GCF_001073535.1;Staphylococcus epidermidis;2;0;100.0;0;100.0
GCF_007677575.1;Staphylococcus epidermidis;2;0;100.0;0;100.0
GCF_001071125.1;Staphylococcus epidermidis;2;0;100.0;0;100.0
GCF_001662225.1;Staphylococcus epidermidis;2;0;100.0;0;100.0
GCF_001075395.1;Staphylococcus epidermidis;2;0;100.0;0;100.0
GCF_000011925.1;Staphylococcus epidermidis RP62A;2;0;100.0;0;100.0
GCF_025147335.1;Staphylococcus epidermidis;2;0;100.0;0;100.0
GCF_021191715.1;Staphylococcus epidermidis;2;0;100.0;0;100.0
GCF_003035225.1;Staphylococcus epidermidis;2;0;100.0;0;100.0
GCF_002221915.1;Staphylococcus epidermidis;2;0;100.0;0;100.0
GCF_003325735.1;Staphylococcus epidermidis;2;0;100.0;0;100.0
GCF_003856395.1;Staphylococcus epidermidis;2;0;100.0;0;100.0
GCF_024204865.1;Staphylococcus epidermidis;2;0;100.0;0;100.0
GCF_023148275.1;Staphylococcus epidermidis;2;0;100.0;0;100.0
GCF_009897005.1;Staphylococcus epidermidis;2;0;100.0;0;100.0
GCF_015273365.1;Staphylococcus epidermidis;2;0;100.0;0;100.0
GCF_001659025.1;Staphylococcus epidermidis;2;0;100.0;0;100.0
GCF_015070605.1;Staphylococcus epidermidis;2;0;100.0;0;100.0
GCF_004374875.1;Staphylococcus epidermidis;2;0;100.0;0;100.0
GCF_001075525.1;Staphylococcus epidermidis;2;0;100.0;0;100.0
GCF_015273895.1;Staphylococcus epidermidis;2;0;100.0;0;100.0
GCF_001622905.1;Staphylococcus epidermidis;2;0;100.0;0;100.0
GCF_015274355.1;Staphylococcus epidermidis;2;0;100.0;0;100.0
GCF_024091855.1;Staphylococcus epidermidis;2;0;100.0;0;100.0
GCF_019329325.1;Staphylococcus epidermidis;2;0;100.0;0;100.0
GCF_015274795.1;Staphylococcus epidermidis;2;0;100.0;0;100.0
GCF_025146465.1;Staphylococcus epidermidis;2;0;100.0;0;100.0
GCF_022586555.1;Staphylococcus epidermidis;2;0;100.0;0;100.0
GCF_001837915.1;Staphylococcus sp. HMSC077C03;2;0;100.0;0;100.0
GCF_025809335.1;Staphylococcus epidermidis;2;0;100.0;0;100.0
GCF_007672965.1;Staphylococcus epidermidis;2;0;100.0;0;100.0
GCF_015274625.1;Staphylococcus epidermidis;2;0;100.0;0;100.0
GCF_024204925.1;Staphylococcus epidermidis;2;0;100.0;0;100.0
GCA_001658835.1;Staphylococcus epidermidis;1;0;100.0;0;0
GCF_022352895.1;Staphylococcus epidermidis;2;0;100.0;0;100.0
GCF_029691705.1;Staphylococcus epidermidis;2;0;100.0;0;100.0
GCF_026420045.1;Staphylococcus epidermidis;2;0;100.0;0;100.0
GCF_000418165.2;Staphylococcus epidermidis WI09;2;0;100.0;0;100.0
GCF_000276205.1;Staphylococcus epidermidis NIHLM015;2;0;100.0;0;100.0
GCF_030014005.1;Staphylococcus epidermidis;2;0;100.0;0;100.0
GCF_022832915.1;Staphylococcus epidermidis;2;0;100.0;0;100.0
GCF_023149045.1;Staphylococcus epidermidis;2;0;100.0;0;100.0
GCF_031082825.1;Staphylococcus epidermidis;2;0;100.0;0;100.0
GCF_024090215.1;Staphylococcus epidermidis;2;0;100.0;0;100.0
GCF_029876565.1;Staphylococcus epidermidis;2;0;100.0;0;100.0
GCF_004375065.1;Staphylococcus epidermidis;3;0;[25.0, 75.0];0;100.0
GCF_016809015.1;Staphylococcus epidermidis;2;0;100.0;0;100.0
GCF_027889805.1;Staphylococcus epidermidis;2;0;100.0;0;100.0
GCF_014265365.1;Staphylococcus epidermidis;2;0;100.0;0;100.0
GCF_021190495.1;Staphylococcus epidermidis;2;0;100.0;0;100.0
GCF_014265785.1;Staphylococcus epidermidis;2;0;100.0;0;100.0
GCF_006337205.1;Staphylococcus epidermidis;2;0;100.0;0;100.0
GCF_001073395.1;Staphylococcus epidermidis;2;0;100.0;0;100.0
GCF_030227685.1;Staphylococcus epidermidis;1;0;100.0;0;0
GCF_910589925.1;Staphylococcus epidermidis;2;0;100.0;0;100.0
GCF_002750335.1;Staphylococcus epidermidis;2;0;100.0;0;100.0
GCF_030716565.1;Staphylococcus epidermidis;2;0;100.0;0;100.0
GCF_007678095.1;Staphylococcus epidermidis;2;0;100.0;0;100.0
GCF_001659505.1;Staphylococcus epidermidis;2;0;100.0;0;100.0
GCF_009873455.1;Staphylococcus epidermidis;2;0;100.0;0;100.0
GCF_007667095.1;Staphylococcus epidermidis;2;0;100.0;0;100.0
GCF_007674085.1;Staphylococcus epidermidis;2;0;100.0;0;100.0
GCF_000276305.1;Staphylococcus epidermidis NIHLM023;2;0;100.0;0;100.0
GCF_008922745.1;Staphylococcus epidermidis;2;0;100.0;0;100.0
GCF_002750225.1;Staphylococcus epidermidis;2;0;100.0;0;100.0
GCA_015698645.1;Staphylococcus epidermidis;4;0;[100.0, 100.0];0;[33.33333333333333, 55.55555555555556]
GCF_024091965.1;Staphylococcus epidermidis;2;0;100.0;0;100.0
GCF_002749455.1;Staphylococcus epidermidis;2;0;100.0;0;100.0
GCA_030013945.1;Staphylococcus epidermidis;2;0;100.0;0;100.0
GCF_007672855.1;Staphylococcus epidermidis;2;0;100.0;0;100.0
GCF_015274425.1;Staphylococcus epidermidis;2;0;100.0;0;100.0
GCF_007673555.1;Staphylococcus epidermidis;2;0;100.0;0;100.0
GCF_009898035.1;Staphylococcus epidermidis;2;0;100.0;0;100.0
GCF_001476525.1;Staphylococcus epidermidis;2;0;100.0;0;100.0
GCF_022352685.1;Staphylococcus epidermidis;2;0;100.0;0;100.0
GCF_003687275.1;Staphylococcus epidermidis;2;0;100.0;0;100.0
GCF_019330205.1;Staphylococcus epidermidis;2;0;100.0;0;100.0
GCF_022352925.1;Staphylococcus epidermidis;2;0;100.0;0;100.0
GCF_000276185.1;Staphylococcus epidermidis NIHLM008;2;0;100.0;0;100.0
GCF_024091675.1;Staphylococcus epidermidis;2;0;100.0;0;100.0
GCF_022815765.1;Staphylococcus epidermidis;2;0;100.0;0;100.0
GCF_007672775.1;Staphylococcus epidermidis;2;0;100.0;0;100.0
GCF_003035305.1;Staphylococcus epidermidis;3;0;[75.0, 25.0];0;100.0
GCA_021496055.1;Staphylococcus epidermidis;1;0;100.0;0;0
GCF_024091105.1;Staphylococcus epidermidis;2;0;100.0;0;100.0
GCF_009897625.1;Staphylococcus epidermidis;2;0;100.0;0;100.0
GCF_000221685.1;Staphylococcus epidermidis VCU105;2;0;100.0;0;100.0
GCF_000247045.1;Staphylococcus epidermidis VCU118;2;0;100.0;0;100.0
GCF_001072775.1;Staphylococcus epidermidis;2;0;100.0;0;100.0
GCF_001074495.1;Staphylococcus epidermidis;2;0;100.0;0;100.0
GCF_000247145.1;Staphylococcus epidermidis VCU126;2;0;100.0;0;100.0
GCF_006337185.1;Staphylococcus epidermidis;2;0;100.0;0;100.0
GCF_015274285.1;Staphylococcus epidermidis;2;0;100.0;0;100.0
GCA_030970365.1;Staphylococcus epidermidis;3;0;[50.0, 25.0];0;100.0
GCF_015273285.1;Staphylococcus epidermidis;2;0;100.0;0;100.0
GCF_029211375.1;Staphylococcus epidermidis;2;0;100.0;0;100.0
GCF_030012255.1;Staphylococcus epidermidis;2;0;100.0;0;100.0
GCF_015070585.1;Staphylococcus epidermidis;2;0;100.0;0;100.0
GCF_001071015.1;Staphylococcus epidermidis;2;0;100.0;0;100.0
GCF_007673575.1;Staphylococcus epidermidis;2;0;100.0;0;100.0
GCF_021398325.1;Staphylococcus epidermidis;2;0;100.0;0;100.0
GCF_022586395.1;Staphylococcus epidermidis;2;0;100.0;0;100.0
GCF_001074955.1;Staphylococcus epidermidis;2;0;100.0;0;100.0
GCF_001070395.1;Staphylococcus epidermidis;2;0;100.0;0;100.0
GCF_003035405.1;Staphylococcus epidermidis;2;0;100.0;0;100.0
GCF_000410915.1;Staphylococcus epidermidis UC7032;2;0;100.0;0;100.0
GCF_000276045.1;Staphylococcus epidermidis NIH06004;2;0;100.0;0;100.0
GCF_001074505.1;Staphylococcus epidermidis;2;0;100.0;0;100.0
GCF_910590375.1;Staphylococcus epidermidis;2;0;100.0;0;100.0
GCF_015273145.1;Staphylococcus epidermidis;2;0;100.0;0;100.0
GCF_019329625.1;Staphylococcus epidermidis;2;0;100.0;0;100.0
GCF_024091185.1;Staphylococcus epidermidis;2;0;100.0;0;100.0
GCF_001622545.1;Staphylococcus epidermidis;2;0;100.0;0;100.0
GCF_001658455.1;Staphylococcus epidermidis;2;0;100.0;0;100.0
GCF_022919195.1;Staphylococcus epidermidis;2;0;100.0;0;100.0
GCF_008922645.1;Staphylococcus epidermidis;2;0;100.0;0;100.0
GCF_007667315.1;Staphylococcus epidermidis;2;0;100.0;0;100.0
GCF_022352465.1;Staphylococcus epidermidis;2;0;100.0;0;100.0
GCF_001074755.1;Staphylococcus epidermidis;2;0;100.0;0;100.0
GCF_000627055.1;Staphylococcus epidermidis VCU050;2;0;100.0;0;100.0
GCF_026154265.1;Staphylococcus epidermidis;2;0;100.0;0;100.0
GCA_020739685.1;Staphylococcus epidermidis;3;0;[50.0, 25.0];0;33.33333333333333
GCF_023148615.1;Staphylococcus epidermidis;2;0;100.0;0;100.0
GCF_001069925.1;Staphylococcus epidermidis;2;0;100.0;0;100.0
GCF_012029995.1;Staphylococcus epidermidis;2;0;100.0;0;100.0
GCF_910591405.1;Staphylococcus epidermidis;3;0;[75.0, 25.0];0;100.0
GCF_008726775.1;Staphylococcus epidermidis;2;0;100.0;0;100.0
GCF_030546355.1;Staphylococcus epidermidis;2;0;100.0;0;100.0
GCF_030716025.1;Staphylococcus epidermidis;2;0;100.0;0;100.0
GCF_021367085.1;Staphylococcus epidermidis;2;0;100.0;0;100.0
GCF_023713005.1;Staphylococcus epidermidis;2;0;100.0;0;100.0
GCF_016809255.1;Staphylococcus epidermidis;2;0;100.0;0;100.0
GCF_007677655.1;Staphylococcus epidermidis;2;0;100.0;0;100.0
GCF_030716185.1;Staphylococcus epidermidis;2;0;100.0;0;100.0
GCF_003086175.2;Staphylococcus epidermidis;2;0;100.0;0;100.0
GCF_023149015.1;Staphylococcus epidermidis;2;0;100.0;0;100.0
GCF_026154205.1;Staphylococcus epidermidis;2;0;100.0;0;100.0
GCF_001662155.1;Staphylococcus epidermidis;2;0;100.0;0;100.0
GCF_008923145.1;Staphylococcus epidermidis;2;0;100.0;0;100.0
GCF_002799485.1;Staphylococcus epidermidis;2;0;100.0;0;100.0
GCF_009897025.1;Staphylococcus epidermidis;2;0;100.0;0;100.0
GCA_003687315.1;Staphylococcus epidermidis;2;0;100.0;0;88.88888888888889
GCF_001069845.1;Staphylococcus epidermidis;2;0;100.0;0;100.0
GCF_008726905.1;Staphylococcus epidermidis;2;0;100.0;0;100.0
GCF_024091935.1;Staphylococcus epidermidis;2;0;100.0;0;100.0
GCF_001516785.1;Staphylococcus epidermidis;2;0;100.0;0;100.0
GCF_015273045.1;Staphylococcus epidermidis;2;0;100.0;0;100.0
GCF_025558665.1;Staphylococcus epidermidis;2;0;100.0;0;100.0
GCF_009898145.1;Staphylococcus epidermidis;2;0;100.0;0;100.0
GCF_001473265.2;Staphylococcus epidermidis;2;0;100.0;0;100.0
GCF_016727385.1;Staphylococcus epidermidis;2;0;100.0;0;100.0
GCF_025151265.1;Staphylococcus epidermidis;2;0;100.0;0;100.0
GCA_015698545.1;Staphylococcus epidermidis;2;0;100.0;0;100.0
GCF_008922555.1;Staphylococcus epidermidis;2;0;100.0;0;100.0
GCF_000276025.1;Staphylococcus epidermidis NIH05003;2;0;100.0;0;100.0
GCF_016809415.1;Staphylococcus epidermidis;2;0;100.0;0;100.0
GCF_000783535.2;Staphylococcus epidermidis;2;0;100.0;0;100.0
GCF_029211305.1;Staphylococcus epidermidis;2;0;100.0;0;100.0
GCF_001075805.1;Staphylococcus epidermidis;2;0;100.0;0;100.0
GCF_002221835.1;Staphylococcus epidermidis;2;0;100.0;0;100.0
GCF_001070675.1;Staphylococcus epidermidis;2;0;100.0;0;100.0
GCF_030227845.1;Staphylococcus epidermidis;1;0;100.0;0;0
GCA_000276485.1;Staphylococcus epidermidis NIHLM070;2;0;100.0;0;100.0
GCF_002750035.1;Staphylococcus epidermidis;2;0;100.0;0;100.0
GCF_001622635.1;Staphylococcus epidermidis;2;0;100.0;0;100.0
GCF_900458515.1;Staphylococcus epidermidis;2;0;100.0;0;100.0
GCF_001070315.1;Staphylococcus epidermidis;2;0;100.0;0;100.0
GCF_001075065.1;Staphylococcus epidermidis;2;0;100.0;0;100.0
GCF_003956755.1;Staphylococcus epidermidis;2;0;100.0;0;100.0
GCF_001659125.1;Staphylococcus epidermidis;2;0;100.0;0;100.0
GCF_024668405.2;Staphylococcus epidermidis;2;0;100.0;0;100.0
GCF_003035275.1;Staphylococcus epidermidis;2;0;100.0;0;100.0
GCF_001072875.1;Staphylococcus epidermidis;2;0;100.0;0;100.0
GCF_910590315.1;Staphylococcus epidermidis;3;0;[75.0, 50.0];0;100.0
GCF_000276445.1;Staphylococcus epidermidis NIHLM061;2;0;100.0;0;100.0
GCF_029691835.1;Staphylococcus epidermidis;2;0;100.0;0;100.0
GCF_900205795.1;Staphylococcus epidermidis;2;0;100.0;0;100.0
GCF_026154445.1;Staphylococcus epidermidis;2;0;100.0;0;100.0
GCF_003980185.1;Staphylococcus epidermidis;2;0;100.0;0;100.0
GCF_015273875.1;Staphylococcus epidermidis;2;0;100.0;0;100.0
GCF_001073075.1;Staphylococcus epidermidis;2;0;100.0;0;100.0
GCF_000205325.1;Staphylococcus epidermidis VCU144;2;0;100.0;0;100.0
GCF_902509505.1;Staphylococcus epidermidis;2;0;100.0;0;100.0
GCF_024090345.1;Staphylococcus epidermidis;2;0;100.0;0;100.0
GCF_014265405.1;Staphylococcus epidermidis;2;0;100.0;0;100.0
GCF_015070675.1;Staphylococcus epidermidis;2;0;100.0;0;100.0
GCF_002750255.1;Staphylococcus epidermidis;2;0;100.0;0;100.0
GCF_008922365.1;Staphylococcus epidermidis;2;0;100.0;0;100.0
GCF_007673825.1;Staphylococcus epidermidis;2;0;100.0;0;100.0
GCF_000934225.1;Staphylococcus epidermidis;2;0;100.0;0;100.0
GCF_024090235.1;Staphylococcus epidermidis;1;0;100.0;0;0
GCF_003035425.1;Staphylococcus epidermidis;2;0;100.0;0;100.0
GCF_002750345.1;Staphylococcus epidermidis;2;0;100.0;0;100.0
GCF_016809435.1;Staphylococcus epidermidis;2;0;100.0;0;100.0
GCF_001076185.1;Staphylococcus epidermidis;2;0;100.0;0;100.0
GCF_025146175.1;Staphylococcus epidermidis;2;0;100.0;0;100.0
GCF_029691875.1;Staphylococcus epidermidis;2;0;100.0;0;100.0
GCF_025146065.1;Staphylococcus epidermidis;2;0;100.0;0;100.0
GCF_029025685.1;Staphylococcus epidermidis;2;0;100.0;0;100.0
GCF_002750115.1;Staphylococcus epidermidis;2;0;100.0;0;100.0
GCF_001070255.1;Staphylococcus epidermidis;2;0;100.0;0;100.0
GCF_017315545.1;Staphylococcus epidermidis;2;0;100.0;0;100.0
GCF_001070025.1;Staphylococcus epidermidis;2;0;100.0;0;100.0
GCF_026154305.1;Staphylococcus epidermidis;2;0;100.0;0;100.0
GCF_030235145.1;Staphylococcus epidermidis;2;0;100.0;0;100.0
GCF_002271435.1;Staphylococcus epidermidis;2;0;100.0;0;100.0
GCA_003687325.1;Staphylococcus epidermidis;2;0;[75.0, 50.0];0;0
GCF_015645085.1;Staphylococcus epidermidis;2;0;100.0;0;100.0
GCA_001658655.1;Staphylococcus epidermidis;2;0;100.0;0;100.0
GCF_014265335.1;Staphylococcus epidermidis;2;0;100.0;0;100.0
GCF_024092105.1;Staphylococcus epidermidis;2;0;100.0;0;100.0
GCF_019149245.1;Staphylococcus epidermidis;2;0;100.0;0;100.0
GCF_030715965.1;Staphylococcus epidermidis;2;0;100.0;0;100.0
GCF_021190395.1;Staphylococcus epidermidis;2;0;100.0;0;100.0
GCF_024091775.1;Staphylococcus epidermidis;2;0;100.0;0;100.0
GCF_025147125.1;Staphylococcus epidermidis;2;0;100.0;0;100.0
GCF_007672405.1;Staphylococcus epidermidis;2;0;100.0;0;100.0
GCF_902159375.1;Staphylococcus epidermidis;2;0;100.0;0;100.0
GCF_030235165.1;Staphylococcus epidermidis;2;0;100.0;0;100.0
GCF_015273295.1;Staphylococcus epidermidis;2;0;100.0;0;100.0
GCF_029691795.1;Staphylococcus epidermidis;2;0;100.0;0;100.0
GCF_007678185.1;Staphylococcus epidermidis;2;0;100.0;0;100.0
GCF_015274735.1;Staphylococcus epidermidis;2;0;100.0;0;100.0
GCF_006742205.1;Staphylococcus epidermidis;2;0;100.0;0;100.0
GCF_016808475.1;Staphylococcus epidermidis;2;0;100.0;0;100.0
GCF_008922115.1;Staphylococcus epidermidis;2;0;100.0;0;100.0
GCF_900205825.1;Staphylococcus epidermidis;2;0;100.0;0;100.0
GCF_024090435.1;Staphylococcus epidermidis;2;0;100.0;0;100.0
GCF_000276245.1;Staphylococcus epidermidis NIHLM031;2;0;100.0;0;100.0
GCF_016809175.1;Staphylococcus epidermidis;2;0;100.0;0;100.0
GCF_021367235.1;Staphylococcus epidermidis;3;0;[25.0, 75.0];0;100.0
GCF_003980085.1;Staphylococcus epidermidis;3;0;[25.0, 50.0];0;33.33333333333333
GCA_015730505.1;Staphylococcus epidermidis;1;0;100.0;0;0
GCF_002750305.2;Staphylococcus epidermidis;2;0;100.0;0;100.0
GCA_030014105.1;Staphylococcus epidermidis;2;0;100.0;0;100.0
GCF_026154225.1;Staphylococcus epidermidis;2;0;100.0;0;100.0
GCF_001814155.1;Staphylococcus sp. HMSC055B03;2;0;100.0;0;100.0
GCF_001469315.1;Staphylococcus epidermidis;2;0;100.0;0;100.0
GCF_001073115.1;Staphylococcus epidermidis;2;0;100.0;0;100.0
GCF_001068755.1;Staphylococcus epidermidis;2;0;100.0;0;100.0
GCF_025145805.1;Staphylococcus epidermidis;2;0;100.0;0;100.0
GCF_024091455.1;Staphylococcus epidermidis;2;0;100.0;0;100.0
GCF_001074875.1;Staphylococcus epidermidis;2;0;100.0;0;100.0
GCF_000705075.1;Staphylococcus epidermidis;2;0;100.0;0;100.0
GCF_001071215.1;Staphylococcus epidermidis;2;0;100.0;0;100.0
GCF_001072495.1;Staphylococcus epidermidis;2;0;100.0;0;100.0
GCF_001076655.1;Staphylococcus epidermidis;2;0;100.0;0;100.0
GCF_029457615.1;Staphylococcus epidermidis;2;0;100.0;0;100.0
GCF_001073435.1;Staphylococcus epidermidis;2;0;100.0;0;100.0
GCF_001076005.1;Staphylococcus epidermidis;2;0;100.0;0;100.0
GCF_000362145.1;Staphylococcus epidermidis M0881;2;0;100.0;0;100.0
GCF_008922855.1;Staphylococcus epidermidis;2;0;100.0;0;100.0
GCF_910590295.1;Staphylococcus epidermidis;2;0;100.0;0;100.0
GCF_015273195.1;Staphylococcus epidermidis;2;0;100.0;0;100.0
GCF_902509515.1;Staphylococcus epidermidis;2;0;100.0;0;100.0
GCF_015273235.1;Staphylococcus epidermidis;2;0;100.0;0;100.0
GCF_001074865.1;Staphylococcus epidermidis;2;0;100.0;0;100.0
GCF_030928195.1;Staphylococcus epidermidis;2;0;100.0;0;100.0
GCF_024091425.1;Staphylococcus epidermidis;2;0;100.0;0;100.0
GCF_000276265.1;Staphylococcus epidermidis NIHLM020;2;0;100.0;0;100.0
GCF_001659065.1;Staphylococcus epidermidis;2;0;100.0;0;77.77777777777779
GCF_007666445.1;Staphylococcus epidermidis;2;0;100.0;0;100.0
GCF_015670055.1;Staphylococcus epidermidis;2;0;100.0;0;100.0
GCF_007666195.1;Staphylococcus epidermidis;2;0;100.0;0;100.0
GCF_028863565.1;Staphylococcus epidermidis;2;0;100.0;0;100.0
GCF_008922445.1;Staphylococcus epidermidis;2;0;100.0;0;100.0
GCF_008922455.1;Staphylococcus epidermidis;2;0;100.0;0;100.0
GCF_001658535.1;Staphylococcus epidermidis;2;0;100.0;0;100.0
GCF_025145965.1;Staphylococcus epidermidis;2;0;100.0;0;100.0
GCF_008922925.1;Staphylococcus epidermidis;2;0;100.0;0;100.0
GCF_030235025.1;Staphylococcus epidermidis;2;0;100.0;0;100.0
GCF_900199615.1;Staphylococcus epidermidis;2;0;100.0;0;100.0
GCF_002752825.1;Staphylococcus epidermidis;2;0;100.0;0;100.0
GCF_008922955.1;Staphylococcus epidermidis;2;0;100.0;0;100.0
GCF_900458535.1;Staphylococcus epidermidis;1;0;100.0;0;0
GCF_016809055.1;Staphylococcus epidermidis;2;0;100.0;0;100.0
GCF_012641685.1;Staphylococcus epidermidis;2;0;100.0;0;100.0
GCF_023547105.1;Staphylococcus epidermidis;2;0;100.0;0;100.0
GCF_021188745.1;Staphylococcus epidermidis;2;0;100.0;0;100.0
GCF_023148585.1;Staphylococcus epidermidis;2;0;100.0;0;100.0
GCF_001622865.1;Staphylococcus epidermidis;2;0;100.0;0;100.0
GCF_022586595.1;Staphylococcus epidermidis;2;0;100.0;0;100.0
GCF_007674185.1;Staphylococcus epidermidis;2;0;100.0;0;100.0
GCF_008922095.1;Staphylococcus epidermidis;2;0;100.0;0;100.0
GCF_021513075.1;Staphylococcus epidermidis;2;0;100.0;0;100.0
GCF_022586515.1;Staphylococcus epidermidis;2;0;100.0;0;100.0
GCF_001658985.1;Staphylococcus epidermidis;2;0;100.0;0;88.88888888888889
GCF_027672085.1;Staphylococcus epidermidis;2;0;100.0;0;100.0
GCF_025558725.1;Staphylococcus epidermidis;2;0;100.0;0;100.0
GCF_016809475.1;Staphylococcus epidermidis;2;0;100.0;0;100.0
GCF_023147715.1;Staphylococcus epidermidis;2;0;100.0;0;100.0
GCF_000314715.2;Staphylococcus epidermidis BVS058A4;2;0;100.0;0;100.0
GCF_001071645.1;Staphylococcus epidermidis;2;0;100.0;0;100.0
GCF_016808795.1;Staphylococcus epidermidis;2;0;100.0;0;100.0
GCF_910589945.1;Staphylococcus epidermidis;2;0;100.0;0;100.0
GCA_019915385.1;Staphylococcus epidermidis;2;0;100.0;0;100.0
GCF_003687035.1;Staphylococcus epidermidis;2;0;100.0;0;100.0
GCF_003577775.1;Staphylococcus epidermidis;2;0;100.0;0;100.0
GCF_004323055.1;Staphylococcus epidermidis;2;0;100.0;0;100.0
GCF_016809135.1;Staphylococcus epidermidis;2;0;100.0;0;100.0
GCF_910590265.1;Staphylococcus epidermidis;2;0;100.0;0;100.0
GCF_001658885.1;Staphylococcus epidermidis;2;0;100.0;0;88.88888888888889
GCF_031082865.1;Staphylococcus epidermidis;2;0;100.0;0;100.0
GCF_014266425.1;Staphylococcus epidermidis;2;0;100.0;0;100.0
GCF_008923065.1;Staphylococcus epidermidis;2;0;100.0;0;100.0
GCF_024091415.1;Staphylococcus epidermidis;2;0;100.0;0;88.88888888888889
GCA_003687755.1;Staphylococcus epidermidis;2;0;100.0;0;100.0
GCF_007679125.1;Staphylococcus epidermidis;2;0;100.0;0;100.0
GCF_009026065.1;Staphylococcus epidermidis;2;0;100.0;0;100.0
GCF_024090295.1;Staphylococcus epidermidis;2;0;100.0;0;100.0
GCF_024090255.1;Staphylococcus epidermidis;2;0;100.0;0;100.0
GCF_025146855.1;Staphylococcus epidermidis;2;0;100.0;0;100.0
GCF_001659355.1;Staphylococcus epidermidis;2;0;100.0;0;100.0
GCF_013317125.1;Staphylococcus epidermidis;2;0;100.0;0;100.0
GCF_022353085.1;Staphylococcus epidermidis;2;0;100.0;0;100.0
GCA_000390345.1;Staphylococcus epidermidis 528m;1;0;0;0;88.88888888888889
GCF_019330185.1;Staphylococcus epidermidis;2;0;100.0;0;100.0
GCF_026154405.1;Staphylococcus epidermidis;2;0;100.0;0;100.0
GCF_015274475.1;Staphylococcus epidermidis;2;0;100.0;0;100.0
GCF_001659225.1;Staphylococcus epidermidis;2;0;100.0;0;100.0
GCA_020739825.1;Staphylococcus epidermidis;3;0;[75.0, 25.0];0;100.0
GCF_030013985.1;Staphylococcus epidermidis;2;0;100.0;0;100.0
GCF_024204705.1;Staphylococcus epidermidis;2;0;100.0;0;100.0
GCF_025558685.1;Staphylococcus epidermidis;2;0;100.0;0;100.0
GCF_014265825.1;Staphylococcus epidermidis;2;0;100.0;0;100.0
GCF_001073035.1;Staphylococcus epidermidis;2;0;100.0;0;100.0
GCF_008922315.1;Staphylococcus epidermidis;2;0;100.0;0;100.0
GCF_001076265.1;Staphylococcus epidermidis;2;0;100.0;0;100.0
GCF_009897035.1;Staphylococcus epidermidis;2;0;100.0;0;100.0
GCF_003035385.1;Staphylococcus epidermidis;2;0;100.0;0;100.0
GCF_001075055.1;Staphylococcus epidermidis;2;0;100.0;0;100.0
GCF_007678735.1;Staphylococcus epidermidis;2;0;100.0;0;100.0
GCF_022586495.1;Staphylococcus epidermidis;2;0;100.0;0;100.0
GCF_016809155.1;Staphylococcus epidermidis;2;0;100.0;0;100.0
GCF_001070075.1;Staphylococcus epidermidis;2;0;100.0;0;100.0
GCF_020739705.1;Staphylococcus epidermidis;2;0;100.0;0;100.0
GCF_030715865.1;Staphylococcus epidermidis;2;0;100.0;0;100.0
GCF_001071395.1;Staphylococcus epidermidis;2;0;100.0;0;100.0
GCF_003980175.1;Staphylococcus epidermidis;3;0;[25.0, 50.0];0;100.0
GCF_910589805.1;Staphylococcus epidermidis;2;0;100.0;0;100.0
GCF_030234985.1;Staphylococcus epidermidis;2;0;100.0;0;100.0
GCF_016809325.1;Staphylococcus epidermidis;2;0;100.0;0;100.0
GCF_022352985.1;Staphylococcus epidermidis;2;0;100.0;0;100.0
GCF_000276225.1;Staphylococcus epidermidis NIHLM018;2;0;100.0;0;100.0
GCF_910590255.1;Staphylococcus epidermidis;2;0;100.0;0;100.0
GCF_003860105.1;Staphylococcus epidermidis;2;0;100.0;0;100.0
GCA_009026075.1;Staphylococcus epidermidis;2;0;100.0;0;100.0
GCF_910590305.1;Staphylococcus epidermidis;2;0;100.0;0;100.0
GCF_018407805.1;Staphylococcus epidermidis;2;0;100.0;0;100.0
GCF_022352745.1;Staphylococcus epidermidis;2;0;100.0;0;100.0
GCF_007666345.1;Staphylococcus epidermidis;2;0;100.0;0;100.0
GCF_001070535.1;Staphylococcus epidermidis;2;0;100.0;0;100.0
GCF_024204945.1;Staphylococcus epidermidis;2;0;100.0;0;100.0
GCF_019329705.1;Staphylococcus epidermidis;2;0;100.0;0;100.0
GCF_003979905.1;Staphylococcus epidermidis;2;0;100.0;0;100.0
GCF_015274485.1;Staphylococcus epidermidis;2;0;100.0;0;100.0
GCF_001658945.1;Staphylococcus epidermidis;2;0;100.0;0;100.0
GCF_022586475.1;Staphylococcus epidermidis;2;0;100.0;0;100.0
GCF_016904135.1;Staphylococcus epidermidis;1;0;100.0;0;0
GCF_000245635.1;Staphylococcus epidermidis VCU041;2;0;100.0;0;100.0
GCF_018407885.1;Staphylococcus epidermidis;2;0;100.0;0;100.0
GCF_001073485.1;Staphylococcus epidermidis;2;0;100.0;0;100.0
GCA_003686995.1;Staphylococcus epidermidis;2;0;100.0;0;100.0
GCA_002799425.1;Staphylococcus epidermidis;2;0;100.0;0;100.0
GCF_007672825.1;Staphylococcus epidermidis;2;0;100.0;0;100.0
GCF_020181395.1;Staphylococcus epidermidis;2;0;100.0;0;100.0
GCF_001071955.1;Staphylococcus epidermidis;2;0;100.0;0;100.0
GCF_001659245.1;Staphylococcus epidermidis;2;0;100.0;0;100.0
GCF_001651265.1;Staphylococcus epidermidis;3;0;[75.0, 25.0];0;100.0
GCF_002850315.1;Staphylococcus epidermidis;2;0;100.0;0;100.0
GCF_001072235.1;Staphylococcus epidermidis;2;0;100.0;0;100.0
GCF_900205845.1;Staphylococcus epidermidis;2;0;100.0;0;100.0
GCF_001658465.1;Staphylococcus epidermidis;2;0;100.0;0;100.0
GCF_026154135.1;Staphylococcus epidermidis;2;0;100.0;0;100.0
GCF_025665415.1;Staphylococcus epidermidis;2;0;100.0;0;100.0
GCF_012029805.1;Staphylococcus epidermidis;2;0;100.0;0;100.0
GCF_001069215.1;Staphylococcus epidermidis;2;0;100.0;0;100.0
GCF_905397425.1;Staphylococcus epidermidis;2;0;100.0;0;100.0
GCF_001071635.1;Staphylococcus epidermidis;2;0;100.0;0;100.0
GCF_015273505.1;Staphylococcus epidermidis;2;0;100.0;0;100.0
GCF_022353135.1;Staphylococcus epidermidis;2;0;100.0;0;100.0
GCF_000417985.2;Staphylococcus epidermidis CIM40;2;0;100.0;0;100.0
GCF_031082845.1;Staphylococcus epidermidis;2;0;100.0;0;100.0
GCF_030928655.1;Staphylococcus epidermidis;3;0;[25.0, 75.0];0;100.0
GCF_001074185.1;Staphylococcus epidermidis;2;0;100.0;0;100.0
GCF_016808435.1;Staphylococcus epidermidis;2;0;100.0;0;100.0
GCF_007677245.1;Staphylococcus epidermidis;2;0;100.0;0;100.0
GCF_003687365.1;Staphylococcus epidermidis;2;0;100.0;0;100.0
GCF_005760475.1;Staphylococcus epidermidis;2;0;100.0;0;100.0
GCF_008922845.1;Staphylococcus epidermidis;2;0;100.0;0;100.0
GCF_001622825.1;Staphylococcus epidermidis;2;0;100.0;0;100.0
GCF_024090905.1;Staphylococcus epidermidis;2;0;100.0;0;100.0
GCF_008923005.1;Staphylococcus epidermidis;2;0;100.0;0;100.0
GCF_021191175.1;Staphylococcus epidermidis;2;0;100.0;0;100.0
GCF_001069955.1;Staphylococcus epidermidis;2;0;100.0;0;100.0
GCF_030928115.1;Staphylococcus epidermidis;2;0;100.0;0;100.0
GCF_022428355.1;Staphylococcus epidermidis;2;0;100.0;0;100.0
GCF_001070565.1;Staphylococcus epidermidis;2;0;100.0;0;100.0
GCF_001659165.1;Staphylococcus epidermidis;2;0;100.0;0;100.0
GCF_029691725.1;Staphylococcus epidermidis;2;0;100.0;0;100.0
GCF_001076235.1;Staphylococcus epidermidis;2;0;100.0;0;100.0
GCF_900638695.1;Staphylococcus epidermidis;2;0;100.0;0;100.0
GCF_001836495.1;Staphylococcus sp. HMSC058E12;2;0;100.0;0;100.0
GCF_001469335.1;Staphylococcus epidermidis FS1;2;0;100.0;0;100.0
GCF_001071495.1;Staphylococcus epidermidis;2;0;100.0;0;100.0
GCF_001074555.1;Staphylococcus epidermidis;2;0;100.0;0;100.0
GCF_000705035.1;Staphylococcus epidermidis;2;0;100.0;0;100.0
GCF_024091715.1;Staphylococcus epidermidis;2;0;100.0;0;100.0
GCF_008728125.1;Staphylococcus epidermidis;3;0;[75.0, 50.0];0;100.0
GCF_003979955.1;Staphylococcus epidermidis;2;0;100.0;0;100.0
GCF_016026915.1;Staphylococcus epidermidis;2;0;100.0;0;100.0
GCF_009898115.1;Staphylococcus epidermidis;2;0;100.0;0;100.0
GCF_024092065.1;Staphylococcus epidermidis;2;0;100.0;0;100.0
GCF_021190975.1;Staphylococcus epidermidis;2;0;100.0;0;100.0
GCF_014334295.1;Staphylococcus epidermidis;2;0;100.0;0;100.0
GCF_001076045.1;Staphylococcus epidermidis;2;0;100.0;0;100.0
GCF_009896965.1;Staphylococcus epidermidis;2;0;100.0;0;100.0
GCF_030716065.1;Staphylococcus epidermidis;2;0;100.0;0;100.0
GCF_001658865.1;Staphylococcus epidermidis;2;0;100.0;0;100.0
GCA_000247105.2;Staphylococcus epidermidis VCU123;2;0;100.0;0;100.0
GCF_016809035.1;Staphylococcus epidermidis;2;0;100.0;0;100.0
GCF_030548505.1;Staphylococcus epidermidis;2;0;100.0;0;100.0
GCF_024090985.1;Staphylococcus epidermidis;2;0;100.0;0;100.0
GCF_902509485.1;Staphylococcus epidermidis;2;0;100.0;0;100.0
GCF_030235105.1;Staphylococcus epidermidis;2;0;100.0;0;100.0
GCF_014266335.1;Staphylococcus epidermidis;2;0;100.0;0;100.0
GCF_015273135.1;Staphylococcus epidermidis;2;0;100.0;0;100.0
GCF_007666125.1;Staphylococcus epidermidis;2;0;100.0;0;100.0
GCF_007666895.1;Staphylococcus epidermidis;2;0;100.0;0;100.0
GCF_014265205.1;Staphylococcus epidermidis;2;0;100.0;0;100.0
GCF_001073795.1;Staphylococcus epidermidis;2;0;100.0;0;100.0
GCF_008922265.1;Staphylococcus epidermidis;2;0;100.0;0;100.0
GCF_031082945.1;Staphylococcus epidermidis;2;0;100.0;0;100.0
GCF_001075105.1;Staphylococcus epidermidis;2;0;100.0;0;100.0
GCA_003241345.1;Staphylococcus epidermidis;2;0;75.0;0;88.88888888888889
GCF_001658555.1;Staphylococcus epidermidis;2;0;100.0;0;100.0
GCF_003687395.1;Staphylococcus epidermidis;2;0;100.0;0;100.0
GCF_003812425.1;Staphylococcus epidermidis;2;0;100.0;0;100.0
GCF_024091265.1;Staphylococcus epidermidis;2;0;100.0;0;100.0
GCF_029594215.1;Staphylococcus epidermidis;2;0;100.0;0;100.0
GCF_910590235.1;Staphylococcus epidermidis;2;0;100.0;0;100.0
GCF_009897365.1;Staphylococcus epidermidis;2;0;100.0;0;100.0
GCF_000626815.1;Staphylococcus epidermidis VCU014;3;0;[50.0, 75.0];0;100.0
GCF_029691955.1;Staphylococcus epidermidis;2;0;100.0;0;100.0
GCF_015551345.1;Staphylococcus epidermidis;1;0;100.0;0;0
GCF_007667235.1;Staphylococcus epidermidis;2;0;100.0;0;100.0
GCF_900458605.1;Staphylococcus epidermidis;2;0;100.0;0;100.0
GCF_009897335.1;Staphylococcus epidermidis;2;0;100.0;0;100.0
GCF_015273815.1;Staphylococcus epidermidis;2;0;100.0;0;100.0
GCF_003856455.1;Staphylococcus epidermidis;2;0;100.0;0;100.0
GCF_022586575.1;Staphylococcus epidermidis;2;0;100.0;0;100.0
GCF_001075315.1;Staphylococcus epidermidis;2;0;100.0;0;100.0
GCF_016406225.1;Staphylococcus epidermidis;1;0;100.0;0;0
GCF_001073655.1;Staphylococcus epidermidis;2;0;100.0;0;100.0
GCF_024091175.1;Staphylococcus epidermidis;2;0;100.0;0;100.0
GCF_015274235.1;Staphylococcus epidermidis;2;0;100.0;0;100.0
GCF_000247165.1;Staphylococcus epidermidis VCU127;2;0;100.0;0;100.0
GCF_001477325.1;Staphylococcus epidermidis;2;0;100.0;0;100.0
GCA_018373255.1;Staphylococcus epidermidis;2;0;100.0;0;100.0
GCA_030014045.1;Staphylococcus epidermidis;2;0;100.0;0;100.0
GCF_015274275.1;Staphylococcus epidermidis;2;0;100.0;0;100.0
GCF_009897195.1;Staphylococcus epidermidis;2;0;100.0;0;100.0
GCA_001622445.1;Staphylococcus epidermidis;2;0;100.0;0;100.0
GCF_001662985.1;Staphylococcus epidermidis;2;0;100.0;0;100.0
GCF_008727015.1;Staphylococcus epidermidis;2;0;100.0;0;100.0
GCF_014265235.1;Staphylococcus epidermidis;2;0;100.0;0;100.0
GCF_025150705.1;Staphylococcus epidermidis;2;0;100.0;0;100.0
GCF_024204745.1;Staphylococcus epidermidis;2;0;100.0;0;100.0
GCF_007673495.1;Staphylococcus epidermidis;2;0;100.0;0;100.0
GCF_030716125.1;Staphylococcus epidermidis;2;0;100.0;0;100.0
GCF_016808755.1;Staphylococcus epidermidis;2;0;100.0;0;100.0
GCF_030225265.1;Staphylococcus epidermidis;2;0;100.0;0;100.0
GCF_000966765.1;Staphylococcus epidermidis;2;0;100.0;0;100.0
GCF_000697805.1;Staphylococcus epidermidis VCU111;2;0;100.0;0;100.0
GCF_902159425.1;Staphylococcus epidermidis;2;0;100.0;0;100.0
GCF_015274455.1;Staphylococcus epidermidis;2;0;100.0;0;100.0
GCF_009897075.1;Staphylococcus epidermidis;2;0;100.0;0;100.0
GCA_001298115.1;Staphylococcus epidermidis;2;0;100.0;0;100.0
GCF_001070415.1;Staphylococcus epidermidis;2;0;100.0;0;100.0
GCF_003980055.1;Staphylococcus epidermidis;2;0;100.0;0;100.0
GCF_009026045.1;Staphylococcus epidermidis;2;0;100.0;0;100.0
GCF_014267225.1;Staphylococcus epidermidis;2;0;100.0;0;100.0
GCF_015273865.1;Staphylococcus epidermidis;2;0;100.0;0;100.0
GCF_019329725.1;Staphylococcus epidermidis;2;0;100.0;0;100.0
GCF_030224625.1;Staphylococcus epidermidis;2;0;100.0;0;100.0
GCF_008922725.1;Staphylococcus epidermidis;2;0;100.0;0;100.0
GCF_015274265.1;Staphylococcus epidermidis;2;0;100.0;0;100.0
GCF_001075235.1;Staphylococcus epidermidis;2;0;100.0;0;100.0
GCF_019329565.1;Staphylococcus epidermidis;2;0;100.0;0;100.0
GCF_015698625.1;Staphylococcus epidermidis;2;0;[75.0, 25.0];0;0
GCF_007666645.1;Staphylococcus epidermidis;2;0;100.0;0;100.0
GCF_007674005.1;Staphylococcus epidermidis;2;0;100.0;0;100.0
GCF_007667755.1;Staphylococcus epidermidis;2;0;100.0;0;100.0
GCF_024090745.1;Staphylococcus epidermidis;2;0;100.0;0;100.0
GCF_001659345.1;Staphylococcus epidermidis;2;0;100.0;0;100.0
GCF_001476925.1;Staphylococcus epidermidis;2;0;100.0;0;100.0
GCF_007679405.1;Staphylococcus epidermidis;2;0;100.0;0;100.0
GCF_001431005.1;Staphylococcus epidermidis;2;0;100.0;0;100.0
GCF_001469325.1;Staphylococcus epidermidis;2;0;100.0;0;100.0
GCF_021191135.1;Staphylococcus epidermidis;2;0;100.0;0;100.0
GCF_008726735.1;Staphylococcus epidermidis;2;0;100.0;0;100.0
GCF_029457635.1;Staphylococcus epidermidis;2;0;100.0;0;100.0
GCF_001815115.1;Staphylococcus sp. HMSC055A10;2;0;100.0;0;100.0
GCF_019329525.1;Staphylococcus epidermidis;2;0;100.0;0;100.0
GCF_025446825.1;Staphylococcus epidermidis;2;0;100.0;0;100.0
GCF_015273385.1;Staphylococcus epidermidis;2;0;100.0;0;100.0
GCF_024091605.1;Staphylococcus epidermidis;2;0;100.0;0;100.0
GCF_030716085.1;Staphylococcus epidermidis;2;0;100.0;0;100.0
GCA_025291725.1;Staphylococcus epidermidis;2;0;100.0;0;100.0
GCF_009769125.1;Staphylococcus epidermidis;2;0;100.0;0;100.0
GCF_025145815.1;Staphylococcus epidermidis;2;0;100.0;0;100.0
GCF_001658815.1;Staphylococcus epidermidis;2;0;100.0;0;100.0
GCF_002750185.1;Staphylococcus epidermidis;2;0;100.0;0;100.0
GCF_030548645.1;Staphylococcus epidermidis;2;0;100.0;0;100.0
GCF_000275985.2;Staphylococcus epidermidis NIH051668;2;0;100.0;0;100.0
GCF_015698595.1;Staphylococcus epidermidis;2;0;100.0;0;22.22222222222222
GCF_007678315.1;Staphylococcus epidermidis;2;0;100.0;0;100.0
GCF_019330045.1;Staphylococcus epidermidis;2;0;100.0;0;100.0
GCF_021484865.1;Staphylococcus epidermidis;2;0;100.0;0;100.0
GCF_030716135.1;Staphylococcus epidermidis;2;0;100.0;0;100.0
GCF_015274775.1;Staphylococcus epidermidis;2;0;100.0;0;100.0
GCA_015221205.1;Staphylococcus epidermidis;2;0;25.0;0;44.44444444444444
GCF_009898025.1;Staphylococcus epidermidis;2;0;100.0;0;100.0
GCF_024204845.1;Staphylococcus epidermidis;2;0;100.0;0;100.0
GCF_002288605.1;Staphylococcus epidermidis;2;0;100.0;0;100.0
GCF_021191255.1;Staphylococcus epidermidis;2;0;100.0;0;100.0
GCF_009897375.1;Staphylococcus epidermidis;2;0;100.0;0;100.0
GCF_008922565.1;Staphylococcus epidermidis;2;0;100.0;0;100.0
GCF_030435915.1;Staphylococcus epidermidis;2;0;100.0;0;100.0
GCF_003426645.1;Staphylococcus epidermidis;2;0;100.0;0;100.0
GCF_001073995.1;Staphylococcus epidermidis;2;0;100.0;0;100.0
GCA_020739745.1;Staphylococcus epidermidis;3;0;[25.0, 75.0];0;100.0
GCF_003035325.1;Staphylococcus epidermidis;2;0;100.0;0;100.0
GCA_003035255.1;Staphylococcus epidermidis;2;0;100.0;0;100.0
GCF_001659425.1;Staphylococcus epidermidis;2;0;100.0;0;100.0
GCF_004374835.1;Staphylococcus epidermidis;2;0;100.0;0;100.0
GCF_024090875.1;Staphylococcus epidermidis;2;0;100.0;0;100.0
GCF_009897945.1;Staphylococcus epidermidis;2;0;100.0;0;100.0
GCF_015274785.1;Staphylococcus epidermidis;2;0;100.0;0;100.0
GCF_001658705.1;Staphylococcus epidermidis;2;0;100.0;0;100.0
GCF_001074075.1;Staphylococcus epidermidis;2;0;100.0;0;100.0
GCF_024090735.1;Staphylococcus epidermidis;2;0;100.0;0;100.0
GCF_001074315.1;Staphylococcus epidermidis;2;0;100.0;0;100.0
GCF_008922995.1;Staphylococcus epidermidis;2;0;100.0;0;100.0
GCF_015273665.1;Staphylococcus epidermidis;2;0;100.0;0;100.0
GCF_019329545.1;Staphylococcus epidermidis;2;0;100.0;0;100.0
GCF_001071665.1;Staphylococcus epidermidis;2;0;100.0;0;100.0
GCF_014265645.1;Staphylococcus epidermidis;2;0;100.0;0;100.0
GCF_015273655.1;Staphylococcus epidermidis;2;0;100.0;0;100.0
GCF_001622715.1;Staphylococcus epidermidis;2;0;100.0;0;100.0
GCF_024090795.1;Staphylococcus epidermidis;2;0;100.0;0;100.0
GCF_030715635.1;Staphylococcus epidermidis;2;0;100.0;0;100.0
GCF_002215535.1;Staphylococcus epidermidis;2;0;100.0;0;100.0
GCF_001075255.1;Staphylococcus epidermidis;3;0;[100.0, 25.0];0;100.0
GCF_000177115.1;Staphylococcus epidermidis SK135;2;0;100.0;0;100.0
GCF_015070395.1;Staphylococcus epidermidis;2;0;100.0;0;100.0
GCF_021215415.1;Staphylococcus epidermidis;2;0;100.0;0;100.0
GCA_018380375.1;Staphylococcus epidermidis;2;0;[25.0, 75.0];0;0
GCF_021496015.1;Staphylococcus epidermidis;2;0;100.0;0;100.0
GCF_008922045.1;Staphylococcus epidermidis;2;0;100.0;0;100.0
GCF_007665715.1;Staphylococcus epidermidis;2;0;100.0;0;100.0
GCF_015274575.1;Staphylococcus epidermidis;2;0;100.0;0;100.0
GCF_910590165.1;Staphylococcus epidermidis;2;0;100.0;0;100.0
GCF_030227675.1;Staphylococcus epidermidis;2;0;100.0;0;100.0
GCA_000390405.1;Staphylococcus epidermidis 36-1;1;0;0;0;88.88888888888889
GCF_000276065.1;Staphylococcus epidermidis NIH08001;2;0;100.0;0;100.0
GCF_029457595.1;Staphylococcus epidermidis;2;0;100.0;0;100.0
GCF_031082775.1;Staphylococcus epidermidis;2;0;100.0;0;100.0
GCF_024090545.1;Staphylococcus epidermidis;2;0;100.0;0;100.0
GCF_009765515.1;Staphylococcus epidermidis;2;0;100.0;0;100.0
GCF_001071795.1;Staphylococcus epidermidis;2;0;100.0;0;100.0
GCF_910590355.1;Staphylococcus epidermidis;2;0;100.0;0;100.0
GCF_007678685.1;Staphylococcus epidermidis;2;0;100.0;0;100.0
GCF_024204805.1;Staphylococcus epidermidis;2;0;100.0;0;100.0
GCF_029457655.1;Staphylococcus epidermidis;2;0;100.0;0;100.0
GCF_001836145.1;Staphylococcus sp. HMSC036A09;2;0;100.0;0;100.0
GCF_028994915.1;Staphylococcus epidermidis;2;0;100.0;0;100.0
GCF_001622785.1;Staphylococcus epidermidis;2;0;100.0;0;100.0
GCF_001622805.1;Staphylococcus epidermidis;2;0;100.0;0;100.0
